0.5126582278,0.4191489362,0.3024296675,0.3189655172,0.3531914894,0.4128919861,0.3109696376
0.5158227848,0.4265957447,0.2934782609,0.331215971,0.3368794326,0.4175377468,0.319784525
0.5158227848,0.4287234043,0.2723785166,0.3235027223,0.3482269504,0.4317653891,0.3019098923
0.4873417722,0.4265957447,0.2749360614,0.3262250454,0.3567375887,0.4175377468,0.305337904
0.4398734177,0.4255319149,0.3011508951,0.3135208711,0.3539007092,0.4067944251,0.3276199804
0.4430379747,0.4053191489,0.3126598465,0.3135208711,0.3507092199,0.4085365854,0.3276199804
0.4810126582,0.3829787234,0.320971867,0.3212341198,0.3460992908,0.3911149826,0.333496572
0.5148809524,0.3510416667,0.3320707071,0.3098021583,0.3679577465,0.373556582,0.3369883041
0.4642857143,0.34375,0.3352272727,0.3142985612,0.375,0.3796189376,0.326754386
0.4553571429,0.2739583333,0.3705808081,0.3300359712,0.3584507042,0.4024249423,0.3350389864
0.4464285714,0.275,0.3516414141,0.3489208633,0.361971831,0.3908775982,0.3489278752
0.4571428571,0.250513347,0.3817271589,0.3498659517,0.3738612474,0.3910293272,0.3314715881
0.4771428571,0.2905544148,0.3548185232,0.3650580876,0.3573931324,0.3967797585,0.3331714424
0.4828571429,0.2474332649,0.3435544431,0.3744414656,0.3535388928,0.410293272,0.3324429335
0.5,0.249486653,0.3423028786,0.3704200179,0.3552908199,0.4097182289,0.3271005342
0.4185393258,0.2397959184,0.3709476309,0.3596256684,0.3664335664,0.4342709529,0.3062560621
0.3174157303,0.2632653061,0.3690773067,0.3556149733,0.3713286713,0.4305396096,0.3103782735
0.3783783784,0.2957746479,0.4029666255,0.3294951284,0.3455114823,0.4616923957,0.3218946351
0.3540540541,0.2877263581,0.3862793572,0.3485385297,0.3462073765,0.4619782733,0.3214113098
0.3463541667,0.2867063492,0.4142156863,0.3481514085,0.3490304709,0.4416287016,0.3208092486
0.3567708333,0.2956349206,0.3946078431,0.338028169,0.3483379501,0.4595671982,0.3239402697
0.4234693878,0.2844488189,0.3774390244,0.324122807,0.3656767956,0.4460227273,0.3375
0.3888888889,0.2382352941,0.4060790274,0.3248686515,0.3606896552,0.4768794326,0.2980307397
0.3616504854,0.277992278,0.3830426939,0.3604347826,0.3744855967,0.432684166,0.3131578947
0.3058252427,0.3127413127,0.3860493085,0.3526086957,0.3621399177,0.4363533728,0.3148325359
0.306763285,0.302504817,0.3984375,0.338835795,0.3540095956,0.4396162528,0.3223338116
0.3981042654,0.3021032505,0.3632555356,0.3415584416,0.3591934381,0.4241058857,0.3577565632
0.3271028037,0.3146387833,0.3422778772,0.3816925734,0.360845839,0.4236716334,0.336749285
0.3704545455,0.3129699248,0.3775147929,0.3711340206,0.3644701087,0.406442577,0.3365019011
0.3683035714,0.3097014925,0.3708726415,0.3745719178,0.3594173442,0.4015659955,0.334914611
0.3169642857,0.3367537313,0.3733804476,0.3737157534,0.3462059621,0.4091671325,0.3391840607
0.372246696,0.3181818182,0.3403755869,0.3471391973,0.4039891819,0.4012276786,0.3405968735
0.3903508772,0.2981481481,0.337829912,0.3238054608,0.4101351351,0.4142259414,0.3491950758
0.4863157895,0.2927272727,0.3277359583,0.3219120135,0.3966442953,0.4238979762,0.3762959472
0.41995842,0.3291139241,0.3333333333,0.2991561181,0.4166108506,0.4330381848,0.3672941176
0.5505154639,0.309009009,0.3341013825,0.3222409436,0.4147157191,0.4159292035,0.3547249647
0.5731462926,0.3181818182,0.312,0.3284457478,0.4413724184,0.4166896172,0.3553680263
0.4752475248,0.3723404255,0.3474044495,0.3234433765,0.4268617021,0.386901486,0.3504213483
0.4640776699,0.3901581722,0.3458049887,0.3316687474,0.4211398277,0.3967078189,0.3622139187
0.4379844961,0.3947368421,0.3890147225,0.3261231281,0.4049668874,0.4072956665,0.3566760037
0.509469697,0.3637152778,0.3622047244,0.3100165563,0.4376649077,0.4073264079,0.3410148976
0.5185185185,0.3530927835,0.3660714286,0.3150741351,0.432325887,0.3995098039,0.3486536676
0.5036101083,0.3387096774,0.3314886552,0.3378378378,0.4486592544,0.372931923,0.3637204998
0.4929078014,0.3257575758,0.3730027548,0.3417618271,0.4295958279,0.3821380244,0.3649584488
0.6083188908,0.3336106489,0.3701476217,0.3377939984,0.425697599,0.3755729307,0.3543488265
0.5340136054,0.3638613861,0.3763616558,0.3315831987,0.4165588616,0.3974703983,0.342056933
0.5704918033,0.3705501618,0.3520900322,0.3468,0.4114249037,0.3910838227,0.346803653
0.5948553055,0.3714057508,0.3429487179,0.3378378378,0.4236909323,0.3808635394,0.3523657871
0.5759493671,0.3638535032,0.3716861082,0.3321428571,0.4177295918,0.3786510887,0.3531818182
0.5161787365,0.4073783359,0.4174553102,0.3183609141,0.4137603044,0.3889476467,0.3440470801
0.5494011976,0.4040247678,0.391440501,0.3333333333,0.4060529634,0.3524762908,0.3654192967
0.5183016105,0.4235474006,0.3833849329,0.3269828927,0.4131116688,0.3365636459,0.3650044924
0.3655761024,0.484939759,0.3855606759,0.3279320988,0.4258104738,0.3636837986,0.3515205725
0.4376731302,0.4665676077,0.3779807204,0.3268199234,0.442033478,0.3887301999,0.3378619154
0.4474393531,0.4707174231,0.3755,0.3292775665,0.4390018484,0.3855670103,0.3394678492
0.4763157895,0.4682997118,0.3543737575,0.310331825,0.4669522644,0.3964542652,0.326125331
0.4834605598,0.4432624113,0.3526238352,0.315632012,0.4802431611,0.4021434039,0.3331137462
0.5030978934,0.4030683403,0.3651331719,0.3250555967,0.4713337357,0.3840304183,0.3427260813
0.4748803828,0.3835616438,0.3575525813,0.3520558003,0.4799401198,0.3783987915,0.3281928758
0.4918604651,0.3967828418,0.3726325758,0.3208575581,0.4673784104,0.3882765531,0.3318221071
0.4421768707,0.4038461538,0.3745335821,0.3308080808,0.4743211334,0.3692842942,0.3334049871
0.5190424374,0.3981841764,0.3505535055,0.3410548824,0.4614260666,0.358201581,0.336320956
0.5287846482,0.3887468031,0.3536363636,0.3415841584,0.4584785134,0.3571078431,0.3398470688
0.5154004107,0.3629536921,0.3747755835,0.3361285814,0.464347326,0.3597857838,0.3110501898
0.5184815185,0.3760736196,0.3401330377,0.3673116793,0.4592592593,0.3368802902,0.3150397989
0.5111111111,0.3746987952,0.3349344978,0.3635430917,0.463559322,0.3323741007,0.3193172356
0.5543071161,0.37,0.3135228252,0.3930499325,0.4430167598,0.3368245656,0.3426919901
0.5515370705,0.3878370625,0.3149241147,0.3694203864,0.4449351366,0.3351364064,0.3295780418
0.5209059233,0.397752809,0.3042570952,0.385348226,0.4207650273,0.3274087933,0.3367181154
0.5532094595,0.396039604,0.2800982801,0.3928571429,0.4140075717,0.330171217,0.3489919355
0.5146103896,0.3731182796,0.2634971797,0.404609475,0.4344919786,0.3188904172,0.3575139888
0.5227629513,0.3630136986,0.292356186,0.3782416192,0.4229751191,0.3650973291,0.3351844506
0.5091463415,0.3729508197,0.3036893204,0.3867248364,0.4258872651,0.3488998653,0.3297307919
0.4900953778,0.3316733068,0.2810831426,0.4174578867,0.41718107,0.347101932,0.3454510109
0.4964639321,0.3583333333,0.2720149254,0.4309927361,0.3971938776,0.3412280702,0.3315972222
0.5075136612,0.362332696,0.2878066642,0.4213349225,0.3673212487,0.3509000217,0.3309778457
0.5164690382,0.3575418994,0.2720086238,0.4056271981,0.3751241311,0.3463435557,0.3433484505
0.5336294416,0.3559782609,0.2669014085,0.4141705069,0.3610567515,0.3468220339,0.3252989537
0.5470660147,0.3267195767,0.2999311295,0.3903198415,0.3445033751,0.3543060201,0.3205246628
0.4941176471,0.3363247863,0.2960704607,0.3768035516,0.3670616114,0.3477540882,0.2985047411
0.5011337868,0.331530782,0.3134475939,0.3766730402,0.3489729225,0.3209198209,0.3142032124
0.4177559913,0.3327948304,0.3462908973,0.3842245989,0.3576675849,0.3126635796,0.3104982206
0.4368117462,0.3220472441,0.3595717884,0.3954772548,0.3490950226,0.2901503165,0.3126869611
0.440925088,0.3251908397,0.335483871,0.3802672148,0.3673469388,0.3129013427,0.3045738046
0.4491771539,0.2963784183,0.3460498648,0.3465122135,0.3800697776,0.306968708,0.3156725346
0.4450651769,0.3098995696,0.33979442,0.3384349543,0.3849614396,0.28998675,0.3129320519
0.4146559428,0.3190376569,0.3367638651,0.3498309995,0.3559714045,0.3089491274,0.2914798206
0.448082723,0.3064733648,0.3447317209,0.351408951,0.3266611638,0.2904874932,0.3041625696
0.4483751543,0.313111546,0.3324287653,0.3502304147,0.3011707711,0.295638126,0.3077665219
0.4206380465,0.3390949089,0.3234984194,0.3497858914,0.2912218268,0.2806491445,0.3037212985
0.4130763416,0.3244065733,0.3683673469,0.336123348,0.2742779608,0.2756122801,0.2905889685
0.432284041,0.3014792899,0.3322516226,0.3376399655,0.2856871678,0.2500424376,0.2855610055
0.3972698635,0.2855097365,0.3481212121,0.3194532072,0.2925195385,0.2370653801,0.2938873833
0.3713804714,0.300110742,0.3160865475,0.3095727198,0.2889657684,0.2503261579,0.2703023118
0.4131621188,0.2884564116,0.2872461784,0.3049121406,0.2812722104,0.2398146669,0.2673152316
0.4163591636,0.2963725238,0.2760381968,0.2997866977,0.2424610052,0.2420920764,0.2572850036
0.4123376623,0.2657220979,0.2498383272,0.2998489426,0.2237087214,0.2499233364,0.2409705759
0.3936830231,0.2477305303,0.2609147609,0.2459981601,0.2108910891,0.2566900882,0.2320109439
0.3304046858,0.2273563218,0.2592667204,0.2483951498,0.2148946437,0.2396899678,0.2024482109
0.3325346113,0.2296551724,0.2600725222,0.2460770328,0.211677658,0.236765136,0.2013720743
0.3237486688,0.2395402299,0.2568493151,0.2382310984,0.2243847515,0.2369113776,0.1988162497
0.3413913511,0.2396675133,0.2649969703,0.2336917563,0.2178680858,0.2397891963,0.2037685061
0.3673965937,0.2336188933,0.2664907652,0.2361809045,0.2171382377,0.2332009999,0.2069151083
0.3917188777,0.2376629423,0.2600285074,0.2382840663,0.2096041531,0.2421875,0.2020774315
0.4022484234,0.2372484792,0.2622013478,0.2431698933,0.2094990241,0.2484142204,0.2021089631
0.4167585447,0.2444861567,0.2599055635,0.2469606242,0.201827378,0.2526706231,0.2057111923
0.4441356309,0.2375,0.2575788822,0.2512727273,0.1979047307,0.256841166,0.2047980483
0.4596638655,0.244111349,0.259702725,0.2500915416,0.1964814206,0.2543507363,0.2100817439
0.4865168539,0.2287550583,0.259551495,0.2559970701,0.2035237938,0.2457741212,0.210382886
0.4821832579,0.2412804587,0.261954262,0.2596613912,0.2011551155,0.2433846614,0.2125854993
0.5066628863,0.2398266314,0.2583682008,0.2577376566,0.2085818423,0.2396694215,0.2131125103
0.5249928592,0.2422195416,0.2573529412,0.2578558226,0.2047792897,0.2416077074,0.2164424925
0.5450668183,0.2429883946,0.2581322141,0.2557018357,0.2041937094,0.2457831325,0.2148851286
0.5586881473,0.2450218553,0.2606585057,0.2566585956,0.2085766728,0.244441083,0.2129744651
0.5686670514,0.2531150745,0.2621010357,0.2559790732,0.2056262559,0.2502647904,0.2113416321
0.5863372093,0.2529411765,0.2623055615,0.2591275042,0.1976178494,0.2574167047,0.2112480953
0.5924847073,0.255899705,0.2623857112,0.2651486639,0.1936026936,0.2608893611,0.2131443657
0.6107048845,0.2583107609,0.2616902617,0.2565307273,0.204851752,0.2594462292,0.2081133648
0.6224519941,0.262295082,0.2627173213,0.2574725691,0.2081287045,0.2493876301,0.2148841106
0.6403560831,0.2609238452,0.257918552,0.2621488231,0.2103565365,0.2526041667,0.210968103
0.6524717094,0.268903355,0.2528685863,0.2571211546,0.2197820906,0.2493838571,0.2164053751
0.6551209316,0.2781124498,0.2508673027,0.2635999236,0.2179552825,0.2433389804,0.2199578356
0.6664663462,0.2829760404,0.2519650655,0.2648741419,0.2196581197,0.2404710257,0.2229710755
0.6836396505,0.2804353328,0.2570867859,0.2618865031,0.2151182722,0.2414592673,0.2307583874
0.6984223301,0.2810755961,0.2548287972,0.2738988267,0.2108972155,0.2374436324,0.2298233216
0.7080158488,0.2931430028,0.2628684558,0.2600308642,0.2131034483,0.2275486381,0.2411839683
0.711362248,0.2996426748,0.2685676393,0.2615740741,0.2131515361,0.2268250743,0.2413597734
0.7215891592,0.3103448276,0.2579145451,0.2682595183,0.2202772964,0.221041113,0.2433470898
0.7297130515,0.3062274833,0.2687430478,0.2654884444,0.2266897747,0.2242272085,0.2376687989
0.7408441962,0.3131469979,0.271714922,0.2650672908,0.2196864111,0.231433506,0.2371501999
0.7480487043,0.33359375,0.2627704662,0.2660784314,0.2309307208,0.2188874921,0.2366346567
0.7609649123,0.3245430809,0.2720323741,0.2664705882,0.2299614981,0.2205022903,0.2392892965
0.7666248432,0.3252160251,0.2798742138,0.2714032671,0.2168421053,0.2322977448,0.2349813165
0.7719519899,0.3260698346,0.2847457627,0.2786334913,0.2204433498,0.2223632038,0.2415730337
0.7815580286,0.3478605388,0.2801177536,0.2680269414,0.23083716,0.219946006,0.240433213
0.7923444976,0.3508214096,0.2687854711,0.2835051546,0.2308236126,0.2212488054,0.2352261234
0.7942122186,0.3741333333,0.2672748005,0.2741420591,0.2363378282,0.2223816356,0.2344067305
0.797810689,0.3782341958,0.2769371848,0.2742160975,0.2326697476,0.2200864969,0.2339869281
0.8056994819,0.3950187467,0.2736672794,0.2757861005,0.2305773343,0.2139878088,0.2419213974
0.7991536458,0.409875877,0.2802489053,0.269331191,0.2358726753,0.2162858062,0.2390606768
0.815798099,0.4222643554,0.2719075145,0.2684942552,0.2394265233,0.2199677939,0.2379698698
0.815313835,0.4287648971,0.2770552717,0.2678787879,0.2410265614,0.2127728375,0.2470347049
0.8275290216,0.4389312977,0.271521638,0.265190002,0.2453136265,0.2058918744,0.2506984267
0.8542914172,0.4387643521,0.2587657784,0.2734660707,0.2430480318,0.2067620286,0.2493750919
0.8564753004,0.4320682068,0.2646370023,0.2896453322,0.2395003621,0.2035412606,0.2539425203
0.8598256204,0.4423925028,0.2694214876,0.284079297,0.2476432197,0.2052915238,0.2508479575
0.8734006734,0.4328523862,0.2782220132,0.2871815941,0.246353027,0.2084828711,0.2519264967
0.8695945946,0.4439511654,0.2862559242,0.2834871795,0.2496353027,0.2051871307,0.2546262028
0.8663940014,0.4648044693,0.2894112061,0.2797274979,0.2496336996,0.209325234,0.247769185
0.8691045796,0.4655655095,0.2855096682,0.2787190083,0.2606227106,0.2071805007,0.2401785714
0.8724279835,0.4797525309,0.291130186,0.2770859278,0.2612214864,0.2003951918,0.2390265751
0.8859498454,0.4732695554,0.3030883409,0.2728028257,0.2624217887,0.2027094003,0.2372628119
0.8886576483,0.4909399773,0.3022083533,0.2752351097,0.2591018296,0.2095253845,0.2342436975
0.8965636932,0.4934547524,0.3068209207,0.2787296281,0.2575448991,0.2035530467,0.2376237624
0.8990921788,0.506,0.3086956522,0.2776613579,0.2579806978,0.2047453128,0.2322609741
0.8968782883,0.5127470639,0.3150618482,0.2747368421,0.26171875,0.2082917083,0.2342831298
0.8975626987,0.5254676259,0.3117861482,0.2852313543,0.2631185808,0.2067067067,0.2300015122
0.9046437434,0.5343137255,0.3088199365,0.2888841927,0.2578534031,0.2086403215,0.2310949788
0.9142857143,0.5376811594,0.3175146771,0.2825902335,0.2617260788,0.2127409891,0.2327769347
0.9092539455,0.5486030268,0.3124385447,0.2796934866,0.2751690458,0.2108797851,0.237993921
0.9128719971,0.5535506403,0.3173934589,0.2816482583,0.2721971407,0.2160243408,0.235428051
0.9202741703,0.5594958968,0.3240375123,0.2829341317,0.2656840514,0.2210047202,0.2294081757
0.9274310595,0.5508225617,0.3303482587,0.2819194516,0.2774413323,0.221732497,0.2232742822
0.9343065693,0.5636632201,0.3281094527,0.2740756664,0.2854973424,0.2169491525,0.2279546846
0.9333821376,0.5686390533,0.3289210789,0.2733146672,0.2898633257,0.2193176031,0.2303801349
0.9394273128,0.5606420927,0.3406593407,0.2798184961,0.2864225782,0.2173691366,0.2343269822
0.9381481481,0.5607866508,0.3504531722,0.2844752819,0.2796027502,0.227443609,0.230745533
0.9368733754,0.5816326531,0.3454773869,0.2887293299,0.2716807368,0.2295221843,0.2387276096
0.9430167598,0.5915238954,0.3447927199,0.2785030461,0.2768610898,0.2368060315,0.2365657813
0.9349289454,0.6050090525,0.3494159472,0.2712418301,0.2787389466,0.2393397524,0.2414592673
0.9342352499,0.6109090909,0.3490973811,0.277607362,0.2797297297,0.2414860681,0.2368461897
0.9332833583,0.6148484848,0.3548304869,0.2819837612,0.2723938224,0.2402552604,0.2401739941
0.9305922293,0.6188736682,0.3602753697,0.2719066491,0.2869868319,0.2357401344,0.2446659399
0.9353252648,0.6278149726,0.3642857143,0.2627753304,0.2876526459,0.2437047258,0.2408850109
0.9456480426,0.6196150321,0.3738437821,0.2598147331,0.2980956082,0.2407279029,0.2407985028
0.9456480426,0.6150320807,0.3782117163,0.2626819585,0.2967353284,0.2412478336,0.2295695571
0.9505891296,0.6037274672,0.3828365879,0.2679752978,0.2912942091,0.2398613518,0.2259825328
0.9479285443,0.609838069,0.3895169579,0.2604764005,0.2924601632,0.2391681109,0.2286338116
0.9517293805,0.6171707913,0.3833504625,0.2606969563,0.2895452779,0.2389948007,0.2308172177
0.9509692132,0.603116407,0.4008221994,0.2538597265,0.2903225806,0.2381282496,0.2353399875
0.9597111365,0.5957836847,0.3933710175,0.2653286281,0.2841041586,0.2421143847,0.2295695571
0.9521094641,0.6025053468,0.3926002055,0.2640052933,0.2842984843,0.2457538995,0.2328446663
0.9578107184,0.6012832264,0.3769270298,0.2750330834,0.2858530898,0.2441941075,0.2403306301
0.9566704675,0.6061717079,0.3748715313,0.277679753,0.2809949475,0.2417677643,0.2429819089
0.9657924743,0.5930339138,0.3761562179,0.276576974,0.2844928099,0.2499133449,0.2331565814
0.963131889,0.5942560342,0.3741007194,0.2792236436,0.2842984843,0.2530329289,0.2306612601
0.9315849487,0.6101435991,0.3818088386,0.2772386414,0.2918771862,0.2428076256,0.2372114785
0.9407069555,0.6015887565,0.374614594,0.2873842082,0.2862417412,0.242287695,0.2364316906
0.9467882934,0.5915062634,0.3689619733,0.290913101,0.2866303925,0.2509532062,0.2305053026
0.9479285443,0.5850901314,0.3640801644,0.2922364358,0.2879906724,0.2530329289,0.2256706176
0.9498289624,0.5747021082,0.367934224,0.2906925452,0.2940147688,0.2473136915,0.2291016843
0.9524895477,0.5731744577,0.3638232271,0.2970886634,0.2955693743,0.2471403813,0.2266063631
0.9498289624,0.5640085548,0.3859198356,0.289810322,0.2856587641,0.2455805893,0.2309731753
0.9391866211,0.5588145432,0.3941418294,0.277679753,0.2994558881,0.2415944541,0.2326887087
0.9312048651,0.5600366636,0.3864337102,0.2895897662,0.2996502138,0.2426343154,0.2295695571
0.9266438616,0.561258784,0.3926002055,0.2825319806,0.3072289157,0.245407279,0.2236431691
0.9217027746,0.5621753743,0.3951695786,0.2818703132,0.3064516129,0.2464471404,0.2230193387
0.9251235272,0.5664527956,0.3990236382,0.279885311,0.2918771862,0.2497400347,0.2264504055
0.9224629418,0.574091048,0.3915724563,0.277679753,0.3041197046,0.2398613518,0.2353399875
0.9236031927,0.5750076383,0.3864337102,0.274371416,0.307617567,0.2355285962,0.2375233936
0.9327251995,0.5811182401,0.3697327852,0.2767975298,0.3087835212,0.2379549393,0.239238927
0.9281641961,0.5853956615,0.3789825283,0.2774591972,0.304508356,0.2334488735,0.244073612
0.9239832763,0.5762297586,0.3861767729,0.2823114248,0.2986785853,0.2357019064,0.2429819089
0.9152413531,0.5860067217,0.3859198356,0.283193648,0.3027594248,0.2259965338,0.2464129757
0.9156214367,0.5695080965,0.4028776978,0.2814292016,0.3037310532,0.2258232236,0.2398627573
0.9239832763,0.5667583257,0.4023638232,0.2783414204,0.2982899339,0.2292894281,0.2375233936
0.9148612695,0.5743965781,0.3918293936,0.2847375386,0.3023707734,0.2280762565,0.2432938241
0.9148612695,0.5743965781,0.3830935252,0.2922364358,0.304508356,0.2275563258,0.2417342483
0.9068795135,0.5814237702,0.3692189106,0.2933392148,0.3116984065,0.231542461,0.241110418
0.9156214367,0.5585090131,0.3702466598,0.2995147772,0.3109211038,0.2362218371,0.2393948846
0.9205625238,0.5554537122,0.3761562179,0.3003970004,0.301399145,0.2431542461,0.2315970056
0.9190421893,0.5523984112,0.3692189106,0.3096603441,0.2965410027,0.2450606586,0.2317529632
0.9030786773,0.5600366636,0.3843782117,0.3017203352,0.2986785853,0.2403812825,0.2354959451
0.8996579247,0.5609532539,0.3764131552,0.2999558888,0.3089778469,0.2441941075,0.2297255147
0.9103002661,0.5643140849,0.377954779,0.2935597706,0.3039253789,0.2415944541,0.2353399875
0.9236031927,0.5572868928,0.3728160329,0.2924569916,0.3029537505,0.2426343154,0.2393948846
0.9205625238,0.5682859762,0.3666495375,0.2933392148,0.3021764477,0.2474870017,0.2320648784
0.9095400988,0.5829514207,0.3579136691,0.2922364358,0.2957637,0.2558058925,0.2322208359
0.8992778411,0.5991445157,0.3517471737,0.2902514336,0.2947920715,0.2558058925,0.2340923269
0.892436336,0.6180873816,0.3342754368,0.2966475518,0.2982899339,0.2514731369,0.2368995633
0.879513493,0.6147265506,0.345323741,0.298632554,0.2940147688,0.2575389948,0.2364316906
0.8817939947,0.6067827681,0.348663926,0.3006175562,0.2959580257,0.252339688,0.2407985028
0.8738122387,0.6153376108,0.352004111,0.3034847816,0.2918771862,0.254592721,0.2415782907
0.8719118206,0.609532539,0.3571428571,0.3043670049,0.2872133696,0.2580589255,0.245165315
0.8954770049,0.5976168653,0.3535457348,0.3001764446,0.2891566265,0.2594454073,0.2401746725
0.8886354998,0.5976168653,0.3581706064,0.299735333,0.2910998834,0.2585788562,0.2376793512
0.8688711517,0.6199205622,0.3530318602,0.297529775,0.2872133696,0.266897747,0.2365876482
0.88445458,0.5933394439,0.3543165468,0.30304367,0.2977069569,0.2603119584,0.2442295696
0.889395667,0.5866177819,0.3602261048,0.3034847816,0.2973183055,0.2656845754,0.2361197754
0.8840744964,0.577451879,0.3743576567,0.3001764446,0.2955693743,0.2623916811,0.2367436057
0.8886354998,0.5750076383,0.3761562179,0.3054697839,0.287602021,0.2597920277,0.2428259513
0.8909160015,0.5857011916,0.3648509764,0.2937803264,0.3029537505,0.2551126516,0.2348721148
0.9015583428,0.574091048,0.3705035971,0.2935597706,0.301982122,0.2511265165,0.2328446663
0.8988977575,0.5786739994,0.3676772867,0.286501985,0.3056743101,0.2547660312,0.2372114785
0.8981375903,0.5780629392,0.3635662898,0.296426996,0.3072289157,0.2516464471,0.2339363693
0.887495249,0.5707302169,0.3825796506,0.294221438,0.3021764477,0.2526863085,0.2337804117
0.8817939947,0.583868011,0.3792394656,0.2911336568,0.3113097551,0.2433275563,0.2330006238
0.8829342455,0.5759242285,0.3874614594,0.2889280988,0.3109211038,0.2429809359,0.2356519027
0.8825541619,0.577451879,0.3902877698,0.2871636524,0.3130586864,0.2350086655,0.2378353088
0.8821740783,0.5753131683,0.3915724563,0.2825319806,0.3128643607,0.2376083189,0.2403306301
0.868491068,0.5719523373,0.3974820144,0.2772386414,0.3206373883,0.2395147314,0.239238927
0.8741923223,0.5692025665,0.3897738952,0.2796647552,0.31830548,0.2441941075,0.2397067998
0.8726719878,0.5679804461,0.3961973279,0.272165858,0.3171395258,0.2441941075,0.2372114785
0.8749524895,0.5633974947,0.3997944502,0.2717247464,0.3151962689,0.2407279029,0.2397067998
0.8833143292,0.5618698442,0.3843782117,0.2880458756,0.3134473377,0.2344887348,0.2409544604
0.88445458,0.5621753743,0.3920863309,0.2794441994,0.3105324524,0.2343154246,0.2448533999
0.8867350817,0.5407882676,0.4003083248,0.2884869872,0.3095608239,0.2350086655,0.2475046787
0.8890155834,0.5252062328,0.4090441932,0.2981914424,0.3048970074,0.2377816291,0.2404865876
0.8840744964,0.5392606172,0.3987667009,0.3056903397,0.2909055577,0.2480069324,0.2406425452
0.8616495629,0.5508707608,0.391315519,0.3147331275,0.2969296541,0.2419410745,0.2387710543
0.8631698974,0.5609532539,0.3969681398,0.3123070137,0.2868247182,0.2467937608,0.2376793512
0.8658304827,0.5557592423,0.4044193217,0.3114247905,0.2874076953,0.2355285962,0.2492202121
0.8620296465,0.5658417354,0.3974820144,0.3187031319,0.2806062962,0.2351819757,0.2523393637
0.8768529076,0.5575924229,0.3943987667,0.3164975739,0.2800233191,0.23847487,0.2514036182
0.8624097301,0.5588145432,0.4031346351,0.3034847816,0.2957637,0.2341421144,0.248128509
0.8696313189,0.5478154598,0.3995375128,0.2992942214,0.3052856588,0.2395147314,0.2454772302
0.8567084759,0.5456767492,0.3964542652,0.3048081165,0.3095608239,0.2412478336,0.2453212726
0.8403648803,0.5539260617,0.3990236382,0.3063520071,0.3047026817,0.2467937608,0.2439176544
0.8050171038,0.5844790712,0.3967112025,0.3076753419,0.3095608239,0.2499133449,0.2340923269
0.8160395287,0.5704246868,0.4093011305,0.301940891,0.3060629615,0.250779896,0.2330006238
0.8194602813,0.5734799878,0.4023638232,0.3072342303,0.3008161679,0.2549393414,0.2262944479
0.8164196123,0.5731744577,0.4026207605,0.3105425673,0.3039253789,0.2473136915,0.2280099813
0.8164196123,0.5734799878,0.4010791367,0.3189236877,0.2969296541,0.2495667244,0.2241110418
0.8213606994,0.5743965781,0.3969681398,0.3184825761,0.2926544889,0.2530329289,0.22551466
0.8407449639,0.5627864345,0.3843782117,0.3195853551,0.3031480762,0.2540727903,0.2245789145
0.8612694793,0.5594256034,0.3648509764,0.3290692545,0.301399145,0.2512998267,0.220679975
0.8342835424,0.587228842,0.3735868448,0.3255403617,0.2961523513,0.2466204506,0.2245789145
0.8369441277,0.5869233119,0.3748715313,0.3244375827,0.2949863972,0.2483535529,0.2248908297
0.8240212847,0.6018942866,0.3676772867,0.3255403617,0.296346677,0.2495667244,0.2248908297
0.8236412011,0.593644974,0.3751284687,0.3187031319,0.3029537505,0.2431542461,0.2331565814
0.8209806157,0.603116407,0.3656217883,0.3153947949,0.3050913331,0.249220104,0.2237991266
0.8019764348,0.6232813932,0.371274409,0.3067931187,0.3062572872,0.2462738302,0.2308172177
0.797795515,0.622670333,0.3738437821,0.3105425673,0.3039253789,0.2552859619,0.2258265752
0.7962751805,0.6101435991,0.3743576567,0.3026025584,0.3120870579,0.2594454073,0.2272301934
0.7939946788,0.6171707913,0.3702466598,0.3056903397,0.3058686358,0.2582322357,0.2306612601
0.7822120867,0.6174763214,0.3818088386,0.3059108955,0.3124757093,0.2512998267,0.227386151
0.784872672,0.6046440574,0.3833504625,0.3087781209,0.3062572872,0.2549393414,0.2300374298
0.7692892436,0.6003666361,0.4008221994,0.3127481253,0.3035367276,0.2552859619,0.2275421085
0.7825921703,0.5652306752,0.4075025694,0.3156153507,0.3103381267,0.2559792028,0.2275421085
0.7757506651,0.5618698442,0.4154676259,0.3050286723,0.315779246,0.2495667244,0.224422957
0.7616875713,0.5707302169,0.4224049332,0.3021614468,0.3120870579,0.2518197574,0.2281659389
0.7651083238,0.5682859762,0.4185508736,0.2966475518,0.3111154295,0.2532062392,0.2365876482
0.7468643101,0.5844790712,0.4162384378,0.3045875607,0.301982122,0.2511265165,0.2359638178
0.7670087419,0.5655362053,0.4177800617,0.3067931187,0.2977069569,0.2538994801,0.2353399875
0.7514253136,0.5759242285,0.4131551901,0.3171592413,0.2872133696,0.259965338,0.2336244541
0.75104523,0.5768408188,0.4108427544,0.3131892369,0.2920715119,0.2622183709,0.2375233936
0.7704294945,0.5618698442,0.4064748201,0.3195853551,0.2891566265,0.2592720971,0.2372114785
0.7727099962,0.5530094714,0.4108427544,0.3120864579,0.2957637,0.2552859619,0.236275733
0.7909540099,0.5392606172,0.4069886948,0.3083370093,0.3008161679,0.2506065858,0.2306612601
0.8000760167,0.5316223648,0.4100719424,0.3065725629,0.2998445394,0.2483535529,0.2418902059
0.7860129228,0.5481209899,0.4108427544,0.3076753419,0.2955693743,0.256152513,0.2300374298
0.7525655644,0.5737855179,0.414696814,0.3063520071,0.2982899339,0.2506065858,0.2297255147
0.7445838084,0.5759242285,0.4267728674,0.3026025584,0.2951807229,0.2502599653,0.2336244541
0.7502850627,0.5728689276,0.4128982528,0.3105425673,0.3029537505,0.2511265165,0.2292576419
0.7483846446,0.5603421937,0.411356629,0.3153947949,0.3048970074,0.2466204506,0.2353399875
0.7590269859,0.558203483,0.4018499486,0.3116453463,0.2959580257,0.2590987868,0.2323767935
0.7742303307,0.5432325084,0.4069886948,0.3059108955,0.2979012825,0.2554592721,0.2397067998
0.763968073,0.5499541705,0.4090441932,0.2988531098,0.3012048193,0.2601386482,0.2417342483
0.7749904979,0.5441490987,0.4085303186,0.3012792236,0.2856587641,0.2665511265,0.245165315
0.7658684911,0.545065689,0.4018499486,0.3076753419,0.2885736494,0.2743500867,0.2361197754
0.7730900798,0.5481209899,0.3969681398,0.2999558888,0.2835211815,0.2809358752,0.2351840299
0.7772709996,0.542010388,0.3964542652,0.2992942214,0.290711232,0.2781629116,0.2356519027
0.7601672368,0.5502597006,0.4077595067,0.2984119982,0.2831325301,0.2731369151,0.2484404242
0.7829722539,0.535594256,0.4023638232,0.3037053375,0.2786630393,0.2714038128,0.2450093575
0.7601672368,0.5429269783,0.4103288798,0.3070136745,0.2806062962,0.2774696707,0.2367436057
0.7601672368,0.5465933394,0.4098150051,0.3059108955,0.2808006218,0.2745233969,0.2384591391
0.7495248955,0.5618698442,0.401336074,0.3043670049,0.2782743879,0.2831889081,0.2414223331
0.7605473204,0.5517873511,0.3918293936,0.3140714601,0.2825495531,0.2774696707,0.238147224
0.755986317,0.5566758326,0.3872045221,0.3164975739,0.2802176448,0.2811091854,0.2378353088
0.760927404,0.5496486404,0.3943987667,0.3213498015,0.2823552274,0.2719237435,0.2298814722
0.76890916,0.5435380385,0.3977389517,0.3226731363,0.2782743879,0.2731369151,0.228477854
0.7757506651,0.5261228231,0.4077595067,0.3085575651,0.2879906724,0.2727902946,0.2320648784
0.7594070696,0.5343721357,0.4100719424,0.3067931187,0.2858530898,0.2703639515,0.2406425452
0.7666286583,0.5325389551,0.4167523124,0.3041464491,0.2800233191,0.2639514731,0.2429819089
0.7647282402,0.5368163764,0.4154676259,0.3063520071,0.2798289934,0.2719237435,0.2291016843
0.7628278221,0.5407882676,0.4093011305,0.3136303485,0.2745821998,0.2651646447,0.2397067998
0.7829722539,0.5358997861,0.3954265159,0.3039258933,0.2774970851,0.2804159445,0.2350280724
0.7981755986,0.5242896425,0.3933710175,0.3142920159,0.2689467548,0.2797227036,0.2340923269
0.7784112505,0.5423159181,0.3977389517,0.3081164535,0.2668091722,0.2828422877,0.2300374298
0.7548460661,0.5606477238,0.3969681398,0.3070136745,0.276914108,0.2767764298,0.2262944479
0.7757506651,0.5481209899,0.3933710175,0.3059108955,0.2780800622,0.2781629116,0.2223955084
0.7841125048,0.5517873511,0.3943987667,0.3151742391,0.2664205208,0.2637781629,0.2311291329
0.7810718358,0.558203483,0.3890030832,0.3078958977,0.2685581034,0.2701906412,0.2270742358
0.7841125048,0.5502597006,0.3995375128,0.3089986767,0.2660318694,0.2670710572,0.2239550842
0.8000760167,0.5404827375,0.3992805755,0.3092192325,0.2660318694,0.266897747,0.2192763568
0.7890535918,0.5481209899,0.3928571429,0.3158359065,0.271278663,0.2563258232,0.2216157205
0.7670087419,0.5643140849,0.4072456321,0.3041464491,0.2708900117,0.2618717504,0.2175608235
0.7704294945,0.558203483,0.4041623844,0.3092192325,0.2664205208,0.2608318891,0.2231752963
0.7974154314,0.5407882676,0.4036485098,0.3041464491,0.2644772639,0.2663778163,0.2184965689
0.7920942607,0.5328444852,0.4087872559,0.3026025584,0.2644772639,0.2701906412,0.2220835933
0.8198403649,0.5135960892,0.4082733813,0.297529775,0.2664205208,0.2660311958,0.2208359326
0.8190801976,0.5203177513,0.4136690647,0.288707543,0.2695297318,0.266897747,0.2208359326
0.8358038769,0.512985029,0.4116135663,0.2851786502,0.2662261951,0.2701906412,0.2217716781
0.8411250475,0.5181790406,0.4057040082,0.2867225408,0.2633113098,0.2639514731,0.2317529632
0.8164196123,0.5300947143,0.4152106886,0.2889280988,0.2586474932,0.2573656846,0.2372114785
0.8160395287,0.5331500153,0.4128982528,0.285399206,0.2636999611,0.254592721,0.2348721148
0.8263017864,0.5334555454,0.4136690647,0.28098809,0.2679751263,0.2530329289,0.2350280724
0.8145191942,0.5447601589,0.408016444,0.2761358624,0.2743878741,0.2530329289,0.2367436057
0.8274420372,0.5401772075,0.4100719424,0.2774591972,0.2745821998,0.2554592721,0.2267623206
0.8335233751,0.5279560037,0.4149537513,0.274371416,0.2780800622,0.2549393414,0.2320648784
0.8339034588,0.5245951726,0.4067317575,0.2748125276,0.2823552274,0.2554592721,0.2330006238
0.8574686431,0.5139016193,0.4039054471,0.2759153066,0.2778857365,0.2495667244,0.2376793512
0.8540478905,0.5151237397,0.4010791367,0.2761358624,0.2774970851,0.2483535529,0.2322208359
0.8240212847,0.5310113046,0.4085303186,0.2692986326,0.2831325301,0.2483535529,0.2342482845
0.8479665526,0.5187901008,0.4051901336,0.2723864138,0.2825495531,0.2469670711,0.2367436057
0.8612694793,0.5187901008,0.3964542652,0.2745919718,0.2800233191,0.2459272097,0.2230193387
0.8570885595,0.5230675222,0.3943987667,0.2801058668,0.2745821998,0.2462738302,0.2228633812
0.8719118206,0.5252062328,0.3864337102,0.282090869,0.271278663,0.2457538995,0.2264504055
0.8688711517,0.5264283532,0.3864337102,0.287604764,0.2714729887,0.2478336222,0.2183406114
0.8681109844,0.5197066911,0.3951695786,0.2805469784,0.2722502915,0.2466204506,0.2211478478
0.868491068,0.5242896425,0.3828365879,0.2794441994,0.2858530898,0.2405545927,0.2236431691
0.8601292284,0.529178124,0.3805241521,0.2807675342,0.2823552274,0.2445407279,0.2219276357
0.860509312,0.5407882676,0.377954779,0.2748125276,0.2780800622,0.245407279,0.2283218964
0.8460661345,0.538649557,0.3859198356,0.2779003088,0.2842984843,0.243847487,0.2227074236
0.8301026226,0.5551481821,0.3902877698,0.274371416,0.2720559658,0.2506065858,0.2264504055
0.839604713,0.5441490987,0.3977389517,0.268857521,0.2761368053,0.2398613518,0.2300374298
0.8312428734,0.5624809044,0.3769270298,0.283193648,0.2701127089,0.245407279,0.2270742358
0.8240212847,0.5682859762,0.3843782117,0.274371416,0.270695686,0.2461005199,0.2262944479
0.8255416192,0.5743965781,0.3851490236,0.2796647552,0.260007773,0.2483535529,0.2245789145
0.813759027,0.5707302169,0.3828365879,0.288707543,0.256898562,0.250779896,0.2305053026
0.8198403649,0.5667583257,0.3833504625,0.2856197618,0.2590361446,0.2490467938,0.2330006238
0.8213606994,0.5563703025,0.3807810894,0.2957653286,0.2615623785,0.2547660312,0.2169369931
0.8110984417,0.5682859762,0.3838643371,0.2891486546,0.2627283327,0.2542461005,0.2250467873
0.8122386925,0.567674916,0.3848920863,0.288707543,0.2576758647,0.2582322357,0.2188084841
0.8190801976,0.5575924229,0.3825796506,0.293118659,0.254372328,0.2571923744,0.224422957
0.8342835424,0.5542315918,0.3766700925,0.3037053375,0.2518460941,0.2568457539,0.2234872115
0.8289623717,0.5542315918,0.3815519013,0.2992942214,0.2609794015,0.2485268631,0.2239550842
0.8380843786,0.5481209899,0.3802672148,0.2944419938,0.2580645161,0.2500866551,0.2280099813
0.8399847967,0.5410937977,0.3807810894,0.3052492281,0.2518460941,0.2544194107,0.2209918902
0.8384644622,0.5270394134,0.3908016444,0.3010586678,0.2609794015,0.2441941075,0.2223955084
0.8369441277,0.5374274366,0.3848920863,0.295324217,0.2621453556,0.2474870017,0.2234872115
0.8316229571,0.5462878093,0.3943987667,0.2849580944,0.2631169841,0.2459272097,0.2258265752
0.8456860509,0.5316223648,0.3892600206,0.2933392148,0.2567042363,0.254592721,0.2199001871
0.8434055492,0.5352887259,0.3823227133,0.3010586678,0.2598134473,0.2512998267,0.2217716781
0.8358038769,0.5340666056,0.3890030832,0.290913101,0.2633113098,0.2568457539,0.2200561447
0.8289623717,0.5438435686,0.3874614594,0.2891486546,0.2677808006,0.2488734835,0.2291016843
0.8167996959,0.5572868928,0.3902877698,0.2862814292,0.2652545667,0.2499133449,0.2300374298
0.8122386925,0.5615643141,0.3887461459,0.2851786502,0.2662261951,0.250779896,0.227386151
0.8046370201,0.5704246868,0.3956834532,0.2783414204,0.2693354061,0.2518197574,0.2258265752
0.8228810338,0.5591200733,0.3897738952,0.2801058668,0.2716673144,0.249220104,0.2275421085
0.8225009502,0.5594256034,0.3872045221,0.2750330834,0.2761368053,0.2478336222,0.2267623206
0.8145191942,0.5649251451,0.3890030832,0.2741508602,0.2778857365,0.2419410745,0.2354959451
0.818700114,0.5692025665,0.3861767729,0.2851786502,0.2701127089,0.2410745234,0.2250467873
0.8141391106,0.5747021082,0.394655704,0.2796647552,0.2677808006,0.2381282496,0.2259825328
0.8179399468,0.5777574091,0.3874614594,0.2834142038,0.2701127089,0.2282495667,0.2298814722
0.8232611174,0.5811182401,0.3884892086,0.2790030878,0.2670034979,0.2279029463,0.2390829694
0.8289623717,0.5814237702,0.381294964,0.2823114248,0.2635056354,0.2362218371,0.2339363693
0.8411250475,0.5725633975,0.3818088386,0.2745919718,0.2699183832,0.2329289428,0.2375233936
0.8289623717,0.5731744577,0.3918293936,0.274371416,0.2670034979,0.2296360485,0.2439176544
0.8350437096,0.5670638558,0.3854059609,0.279885311,0.268169452,0.2372616984,0.2375233936
0.8361839605,0.5655362053,0.3792394656,0.2900308778,0.2701127089,0.2272097054,0.2364316906
0.8392246294,0.5633974947,0.3794964029,0.2869430966,0.2693354061,0.2334488735,0.2331565814
0.8240212847,0.5765352887,0.3766700925,0.2893692104,0.2689467548,0.2313691508,0.2426699938
0.8225009502,0.5716468072,0.3815519013,0.2851786502,0.2776914108,0.2237435009,0.241110418
0.8354237932,0.5603421937,0.3900308325,0.289810322,0.2741935484,0.2185441941,0.2398627573
0.8251615355,0.5637030247,0.3887461459,0.286501985,0.2796346677,0.2227036395,0.2386150967
0.8282022045,0.5597311335,0.3926002055,0.2814292016,0.2835211815,0.2251299827,0.2390829694
0.8327632079,0.5520928811,0.384635149,0.2891486546,0.2848814613,0.2294627383,0.2367436057
0.8399847967,0.535594256,0.3987667009,0.2847375386,0.2837155072,0.2272097054,0.2400187149
0.8453059673,0.5389550871,0.3861767729,0.2838553154,0.2895452779,0.2244367418,0.2397067998
0.8361839605,0.5499541705,0.391315519,0.2823114248,0.2914885348,0.2180242634,0.2308172177
0.8274420372,0.5426214482,0.3882322713,0.2838553154,0.2980956082,0.2223570191,0.2320648784
0.8301026226,0.5398716774,0.3923432682,0.2783414204,0.2891566265,0.227729636,0.2320648784
0.8259217028,0.5652306752,0.3782117163,0.2763564182,0.2848814613,0.2289428076,0.238147224
0.8194602813,0.5707302169,0.3751284687,0.2772386414,0.2854644384,0.2358752166,0.2261384903
0.8175598632,0.5743965781,0.3738437821,0.2759153066,0.2909055577,0.2265164645,0.2328446663
0.8285822881,0.5679804461,0.3748715313,0.2701808558,0.2856587641,0.233102253,0.2337804117
0.8289623717,0.5661472655,0.377954779,0.2701808558,0.2848814613,0.2346620451,0.231441048
0.8369441277,0.5692025665,0.3692189106,0.2686369652,0.2914885348,0.2244367418,0.2353399875
0.8335233751,0.5627864345,0.3717882837,0.2578297309,0.2940147688,0.2308492201,0.2400187149
0.8263017864,0.5777574091,0.3645940391,0.2635641817,0.2860474155,0.2320623917,0.2415782907
0.8270619536,0.5832569508,0.365364851,0.2620202911,0.2944034201,0.2233968804,0.2409544604
0.8206005321,0.5759242285,0.3723021583,0.2662108513,0.2893509522,0.2332755633,0.2331565814
0.8110984417,0.5820348304,0.3694758479,0.2686369652,0.2914885348,0.2275563258,0.2345601996
0.8202204485,0.5792850596,0.3684480987,0.2675341861,0.2883793237,0.2358752166,0.2342482845
0.8240212847,0.5866177819,0.3589414183,0.278782532,0.2883793237,0.2254766031,0.238147224
0.834663626,0.5820348304,0.3535457348,0.2779003088,0.2879906724,0.2320623917,0.2339363693
0.8175598632,0.5933394439,0.3550873587,0.2851786502,0.2833268558,0.226169844,0.2351840299
0.8274420372,0.5835624809,0.3609969168,0.2792236436,0.2862417412,0.2280762565,0.231441048
0.8183200304,0.5783684693,0.362024666,0.2849580944,0.2839098329,0.2247833622,0.234404242
0.8198403649,0.567674916,0.362024666,0.2891486546,0.2827438787,0.2247833622,0.2389270119
0.8175598632,0.5716468072,0.3507194245,0.2884869872,0.2905169063,0.2204506066,0.2379912664
0.8335233751,0.5747021082,0.3345323741,0.2840758712,0.2965410027,0.2171577123,0.2393948846
0.8453059673,0.5777574091,0.3365878726,0.277679753,0.2930431403,0.2227036395,0.2387710543
0.8422652984,0.5731744577,0.3368448099,0.2759153066,0.2984842596,0.2244367418,0.2403306301
0.8388445458,0.5765352887,0.3476361768,0.2613586237,0.3097551496,0.2244367418,0.2375233936
0.8415051311,0.5661472655,0.352004111,0.2600352889,0.3167508745,0.2211438475,0.2418902059
0.8339034588,0.5704246868,0.352004111,0.2593736215,0.3188884571,0.2206239168,0.2459451029
0.8236412011,0.5811182401,0.3424974306,0.276576974,0.3089778469,0.2237435009,0.2425140362
0.834663626,0.5743965781,0.3406988695,0.2767975298,0.3097551496,0.2199306759,0.2375233936
0.8430254656,0.5759242285,0.3468653649,0.2686369652,0.3039253789,0.2214904679,0.2350280724
0.8320030407,0.5737855179,0.3556012333,0.2681958536,0.3002331908,0.2272097054,0.2256706176
0.8384644622,0.5725633975,0.3417266187,0.2774591972,0.3060629615,0.2214904679,0.233312539
0.8289623717,0.5844790712,0.3496916752,0.2692986326,0.2984842596,0.2254766031,0.2378353088
0.8213606994,0.5850901314,0.3473792395,0.277679753,0.2945977458,0.2214904679,0.2456331878
0.8270619536,0.5829514207,0.341983556,0.282090869,0.2982899339,0.2154246101,0.248128509
0.8331432915,0.5737855179,0.3442959918,0.2816497574,0.2984842596,0.2164644714,0.2509357455
0.839604713,0.5682859762,0.3355601233,0.2845169828,0.3054799845,0.2178509532,0.2348721148
0.8380843786,0.5762297586,0.3314491264,0.2880458756,0.2990672367,0.2272097054,0.2367436057
0.8361839605,0.5667583257,0.3424974306,0.2759153066,0.3033424019,0.2235701906,0.2378353088
0.821740783,0.5750076383,0.3494347379,0.271063079,0.3025650991,0.227729636,0.2364316906
0.8198403649,0.5823403605,0.3466084275,0.2739303044,0.3043140303,0.2227036395,0.2425140362
0.8236412011,0.5853956615,0.3494347379,0.2739303044,0.2969296541,0.2221837088,0.242202121
0.8129988597,0.5918117935,0.3543165468,0.275474195,0.2994558881,0.220797227,0.2398627573
0.8301026226,0.5789795295,0.3545734841,0.2734891928,0.3023707734,0.2263431542,0.2373674361
0.8263017864,0.5817293003,0.3543165468,0.272165858,0.2980956082,0.2308492201,0.2286338116
0.8263017864,0.5829514207,0.3599691675,0.2679752978,0.2961523513,0.2358752166,0.2259825328
0.829722539,0.5780629392,0.3548304214,0.273268637,0.2979012825,0.231542461,0.2286338116
0.8145191942,0.5869233119,0.358684481,0.28098809,0.2808006218,0.242287695,0.2264504055
0.813759027,0.5893675527,0.3692189106,0.2818703132,0.2732219199,0.2370883882,0.2345601996
0.8091980236,0.5973113352,0.3702466598,0.2752536392,0.2699183832,0.2393414211,0.2367436057
0.8110984417,0.5866177819,0.3758992806,0.2759153066,0.2699183832,0.2376083189,0.2398627573
0.8038768529,0.5945615643,0.3769270298,0.2690780768,0.2757481539,0.2357019064,0.236275733
0.7875332573,0.6052551176,0.3823227133,0.2670930745,0.2726389429,0.2396880416,0.2328446663
0.7772709996,0.6196150321,0.3782117163,0.2668725187,0.271278663,0.2435008666,0.2348721148
0.7924743444,0.5985334555,0.3797533402,0.2651080723,0.2815779246,0.2396880416,0.2340923269
0.7981755986,0.5933394439,0.3797533402,0.2657697397,0.276331131,0.2440207972,0.2336244541
0.810718358,0.5887564925,0.3707605344,0.2611380679,0.2806062962,0.2395147314,0.2443855271
0.8167996959,0.5857011916,0.367934224,0.2620202911,0.281966576,0.2376083189,0.2429819089
0.8202204485,0.5688970364,0.3836073998,0.2558447287,0.2759424796,0.2391681109,0.2406425452
0.8122386925,0.5817293003,0.3751284687,0.2602558447,0.2780800622,0.23847487,0.2354959451
0.8072976055,0.5850901314,0.3774409044,0.2556241729,0.2839098329,0.2363951473,0.2367436057
0.8004561003,0.5908952032,0.3802672148,0.2578297309,0.2778857365,0.2351819757,0.2370555209
0.8004561003,0.5853956615,0.3833504625,0.2520952801,0.2885736494,0.2318890815,0.2443855271
0.8004561003,0.5863122518,0.3828365879,0.2529775033,0.2872133696,0.2351819757,0.2428259513
0.8038768529,0.5817293003,0.3843782117,0.2551830613,0.2808006218,0.2398613518,0.2400187149
0.7890535918,0.5918117935,0.3823227133,0.2659902955,0.2720559658,0.2435008666,0.2418902059
0.7924743444,0.5890620226,0.3830935252,0.2651080723,0.2815779246,0.2327556326,0.2459451029
0.7711896617,0.6080048885,0.3810380267,0.2584913983,0.2940147688,0.2308492201,0.2420461634
0.7647282402,0.606477238,0.3725590956,0.2699603,0.2852701127,0.235355286,0.2423580786
0.7856328392,0.5942560342,0.3671634121,0.2706219674,0.2910998834,0.2265164645,0.2443855271
0.781832003,0.5988389856,0.3707605344,0.2723864138,0.2868247182,0.2256499133,0.2457891454
0.7753705815,0.5979223954,0.3766700925,0.2741508602,0.2846871356,0.2247833622,0.2498440424
0.7635879894,0.609838069,0.3725590956,0.2812086458,0.2808006218,0.2263431542,0.2471927636
0.7825921703,0.5939505041,0.3725590956,0.2759153066,0.2808006218,0.2303292894,0.2445414847
0.7860129228,0.596700275,0.3661356629,0.277679753,0.2767197824,0.2362218371,0.2414223331
0.7825921703,0.6003666361,0.3666495375,0.2774591972,0.2813835989,0.2282495667,0.2375233936
0.7844925884,0.603116407,0.3627954779,0.275474195,0.2743878741,0.2348353553,0.2354959451
0.8031166857,0.5951726245,0.3491778006,0.2847375386,0.2806062962,0.2199306759,0.2412663755
0.8072976055,0.5817293003,0.3627954779,0.2723864138,0.2837155072,0.2223570191,0.2404865876
0.7943747624,0.5918117935,0.3435251799,0.2926775474,0.2835211815,0.2266897747,0.2354959451
0.7711896617,0.6107546593,0.3445529291,0.2845169828,0.2973183055,0.2221837088,0.2354959451
0.781832003,0.6015887565,0.3437821172,0.2781208646,0.3047026817,0.2305025997,0.2262944479
0.7841125048,0.5985334555,0.3473792395,0.2712836348,0.3017877963,0.2336221837,0.2230193387
0.7700494109,0.6070882982,0.3466084275,0.2728275254,0.3008161679,0.2410745234,0.2197442296
0.7727099962,0.5948670944,0.3437821172,0.2816497574,0.3062572872,0.2441941075,0.2174048659
0.7913340935,0.587228842,0.3389003083,0.2825319806,0.3004275165,0.2512998267,0.2149095446
0.7920942607,0.5863122518,0.3394141829,0.28098809,0.2979012825,0.2554592721,0.2186525265
0.7909540099,0.5893675527,0.335303186,0.2891486546,0.2945977458,0.2516464471,0.2237991266
0.7780311669,0.5951726245,0.3371017472,0.2794441994,0.3109211038,0.249220104,0.2200561447
0.7791714177,0.5915062634,0.3373586845,0.2812086458,0.3099494753,0.2487001733,0.2241110418
0.7749904979,0.5939505041,0.3445529291,0.2772386414,0.3072289157,0.2495667244,0.2183406114
0.7791714177,0.596700275,0.3345323741,0.2770180856,0.310143801,0.2544194107,0.2170929507
0.7825921703,0.5829514207,0.3440390545,0.2648875165,0.3221919938,0.2443674177,0.217716781
0.7871531737,0.5850901314,0.3406988695,0.2717247464,0.3093664983,0.2509532062,0.222551466
0.792854428,0.583868011,0.3332476876,0.2741508602,0.3043140303,0.2455805893,0.2301933874
0.7833523375,0.5893675527,0.3371017472,0.2717247464,0.3097551496,0.2483535529,0.2213038054
0.784872672,0.5857011916,0.3401849949,0.2686369652,0.3115040808,0.2502599653,0.2216157205
0.7924743444,0.5863122518,0.3373586845,0.2571680635,0.3216090167,0.2466204506,0.2270742358
0.8084378563,0.5679804461,0.3394141829,0.2547419497,0.3221919938,0.2445407279,0.2272301934
0.8027366021,0.5768408188,0.3373586845,0.2617997353,0.3095608239,0.2506065858,0.2242669994
0.8023565184,0.5817293003,0.3350462487,0.2567269519,0.3130586864,0.250779896,0.2241110418
0.8114785253,0.5750076383,0.3468653649,0.2470224967,0.3254955305,0.2405545927,0.2208359326
0.8145191942,0.5750076383,0.3350462487,0.2554036171,0.32957637,0.243847487,0.2155333749
0.8190801976,0.5594256034,0.335303186,0.2686369652,0.3243295764,0.2402079723,0.2203680599
0.8228810338,0.5731744577,0.3273381295,0.2668725187,0.3287990672,0.2322357019,0.220679975
0.818700114,0.5737855179,0.3283658787,0.272165858,0.3221919938,0.2381282496,0.216625078
0.8278221209,0.5719523373,0.3278520041,0.2613586237,0.3249125534,0.2376083189,0.2216157205
0.8110984417,0.5832569508,0.3247687564,0.2692986326,0.315779246,0.243847487,0.2234872115
0.8240212847,0.5731744577,0.3283658787,0.2704014116,0.3163622231,0.2410745234,0.2266063631
0.8012162676,0.5768408188,0.3376156218,0.2779003088,0.3118927322,0.2409012132,0.2230193387
0.8088179399,0.5750076383,0.3296505653,0.283193648,0.3138359891,0.2409012132,0.2231752963
0.8122386925,0.5719523373,0.326053443,0.2904719894,0.30703459,0.2478336222,0.2214597629
0.7939946788,0.5768408188,0.3317060637,0.2862814292,0.3105324524,0.2448873484,0.2227074236
0.7947548461,0.5679804461,0.3494347379,0.2750330834,0.3161678974,0.2447140381,0.2272301934
0.8046370201,0.5698136266,0.3448098664,0.2759153066,0.3155849203,0.2398613518,0.2323767935
0.8095781072,0.5588145432,0.345323741,0.284296427,0.3074232414,0.2457538995,0.2379912664
0.800836184,0.5664527956,0.3471223022,0.2767975298,0.3043140303,0.2497400347,0.2345601996
0.8099581908,0.5658417354,0.3368448099,0.2772386414,0.3140303148,0.2455805893,0.2379912664
0.8080577727,0.5542315918,0.3473792395,0.271063079,0.3136416634,0.2499133449,0.2401746725
0.8110984417,0.5505652307,0.3460945529,0.2781208646,0.3043140303,0.257712305,0.2292576419
0.8046370201,0.5664527956,0.3332476876,0.2783414204,0.3099494753,0.2554592721,0.2267623206
0.8110984417,0.5637030247,0.3365878726,0.278782532,0.3085891955,0.2467937608,0.2325327511
0.8122386925,0.558203483,0.338643371,0.2701808558,0.315779246,0.2499133449,0.230349345
0.8141391106,0.558203483,0.3383864337,0.2823114248,0.3083948698,0.2403812825,0.2323767935
0.8126187761,0.5578979529,0.3427543679,0.2906925452,0.2930431403,0.2376083189,0.2390829694
0.7981755986,0.5701191567,0.3371017472,0.2940008822,0.2955693743,0.2403812825,0.2358078603
0.800836184,0.5649251451,0.3368448099,0.2959858844,0.2881849981,0.243847487,0.2437616968
0.810718358,0.5551481821,0.3345323741,0.2973092192,0.2942090944,0.2445407279,0.2415782907
0.7989357659,0.5652306752,0.3417266187,0.2880458756,0.293237466,0.2469670711,0.2384591391
0.8000760167,0.5652306752,0.3463514902,0.2869430966,0.2930431403,0.2379549393,0.2439176544
0.8110984417,0.5533150015,0.3466084275,0.284296427,0.2914885348,0.2480069324,0.2414223331
0.8114785253,0.5475099297,0.3527749229,0.2803264226,0.2971239798,0.2480069324,0.2429819089
0.8023565184,0.5493431103,0.3573997945,0.2856197618,0.2918771862,0.2480069324,0.2432938241
0.8126187761,0.5383440269,0.3563720452,0.2803264226,0.3006218422,0.2471403813,0.2445414847
0.8270619536,0.5441490987,0.3401849949,0.2816497574,0.3010104936,0.2483535529,0.244073612
0.8209806157,0.5456767492,0.3381294964,0.2880458756,0.2990672367,0.2433275563,0.2475046787
0.8160395287,0.5435380385,0.348663926,0.285399206,0.2971239798,0.2443674177,0.2398627573
0.8084378563,0.5496486404,0.3432682425,0.2891486546,0.2928488146,0.2538994801,0.2409544604
0.8240212847,0.5472043996,0.3455806783,0.2741508602,0.3015934707,0.2441941075,0.2393948846
0.8171797796,0.5395661473,0.3602261048,0.274371416,0.3004275165,0.2499133449,0.2386150967
0.8232611174,0.545065689,0.3584275437,0.2790030878,0.298872911,0.2483535529,0.2287897692
0.8091980236,0.5530094714,0.3617677287,0.2767975298,0.3056743101,0.2410745234,0.2326887087
0.8148992778,0.5447601589,0.3676772867,0.2759153066,0.3023707734,0.2407279029,0.2331565814
0.8061573546,0.5542315918,0.3669064748,0.278782532,0.3035367276,0.2350086655,0.2331565814
0.8145191942,0.5527039413,0.3599691675,0.2785619762,0.3017877963,0.2284228769,0.2406425452
0.8095781072,0.5615643141,0.3463514902,0.2783414204,0.3083948698,0.2296360485,0.2431378665
0.810718358,0.5594256034,0.3460945529,0.2796647552,0.3089778469,0.2253032929,0.2434497817
0.8228810338,0.5539260617,0.3401849949,0.2858403176,0.3023707734,0.2285961872,0.2459451029
0.8247814519,0.5462878093,0.3363309353,0.2917953242,0.3043140303,0.2272097054,0.2454772302
0.82668187,0.5429269783,0.3417266187,0.2889280988,0.3093664983,0.2263431542,0.2478165939
0.8285822881,0.5453712191,0.3394141829,0.2796647552,0.3128643607,0.2322357019,0.2412663755
0.8282022045,0.545065689,0.3422404933,0.2785619762,0.3138359891,0.2325823224,0.2429819089
0.8198403649,0.5502597006,0.3494347379,0.2697397442,0.3219976681,0.227729636,0.2387710543
0.8232611174,0.5453712191,0.3442959918,0.2779003088,0.3184998057,0.2317157712,0.2347161572
0.818700114,0.5496486404,0.3404419322,0.2739303044,0.3247182277,0.2287694974,0.2339363693
0.8228810338,0.5472043996,0.3473792395,0.2670930745,0.3210260396,0.2320623917,0.2312850905
0.8198403649,0.5536205316,0.3409558068,0.2664314071,0.3241352507,0.2273830156,0.2409544604
0.8190801976,0.5520928811,0.3391572456,0.271063079,0.3120870579,0.2428076256,0.2339363693
0.8164196123,0.5444546288,0.3502055498,0.2712836348,0.3159735717,0.23847487,0.2295695571
0.8225009502,0.5493431103,0.3404419322,0.271063079,0.3146132919,0.2429809359,0.2294135995
0.8358038769,0.5328444852,0.3409558068,0.268857521,0.3253012048,0.2419410745,0.2305053026
0.8354237932,0.5307057745,0.3448098664,0.2679752978,0.3186941314,0.2447140381,0.230349345
0.8384644622,0.5294836541,0.3317060637,0.2767975298,0.3171395258,0.2474870017,0.2230193387
0.839604713,0.5261228231,0.3389003083,0.2779003088,0.3184998057,0.2469670711,0.2191203993
0.8285822881,0.5389550871,0.3345323741,0.276576974,0.3142246405,0.2499133449,0.2230193387
0.8392246294,0.5319278949,0.3389003083,0.2728275254,0.3276331131,0.2393414211,0.2164691204
0.8361839605,0.5349831958,0.3288797533,0.2770180856,0.3233579479,0.2440207972,0.2161572052
0.8350437096,0.529178124,0.3329907503,0.2814292016,0.3212203653,0.2428076256,0.2228633812
0.8289623717,0.5261228231,0.3368448099,0.2829730922,0.3179168286,0.2334488735,0.2331565814
0.8194602813,0.545065689,0.3342754368,0.2847375386,0.3171395258,0.2348353553,0.2275421085
0.818700114,0.5438435686,0.3373586845,0.2794441994,0.3206373883,0.2285961872,0.2376793512
0.8141391106,0.5496486404,0.3381294964,0.2783414204,0.3134473377,0.2417677643,0.2275421085
0.813759027,0.5398716774,0.3489208633,0.2807675342,0.3194714341,0.2332755633,0.2289457268
0.7993158495,0.5468988695,0.3509763618,0.2807675342,0.3171395258,0.2405545927,0.2300374298
0.8095781072,0.542010388,0.3399280576,0.2913542126,0.3151962689,0.2351819757,0.234404242
0.8065374382,0.5447601589,0.3481500514,0.2849580944,0.3097551496,0.23847487,0.2348721148
0.8118586089,0.5349831958,0.3517471737,0.2752536392,0.3210260396,0.2396880416,0.2353399875
0.8023565184,0.5343721357,0.3594552929,0.2785619762,0.3196657598,0.2329289428,0.2417342483
0.8148992778,0.5349831958,0.3466084275,0.2823114248,0.3056743101,0.2433275563,0.2378353088
0.8095781072,0.5417048579,0.3414696814,0.2759153066,0.3253012048,0.2298093588,0.2423580786
0.8133789434,0.5331500153,0.3427543679,0.2836347596,0.321414691,0.2325823224,0.2409544604
0.8259217028,0.5242896425,0.3432682425,0.2781208646,0.3266614846,0.2306759099,0.2407985028
0.8228810338,0.5206232814,0.3499486125,0.282090869,0.3155849203,0.2441941075,0.2330006238
0.8323831243,0.5087076077,0.348663926,0.2871636524,0.3196657598,0.2393414211,0.2340923269
0.8342835424,0.5074854873,0.3491778006,0.2840758712,0.313253012,0.2540727903,0.2262944479
0.8327632079,0.4955698136,0.3409558068,0.3014997794,0.3188884571,0.2488734835,0.2256706176
0.8323831243,0.4970974641,0.338643371,0.2981914424,0.3251068791,0.2462738302,0.2227074236
0.8145191942,0.5059578368,0.3442959918,0.2988531098,0.3231636222,0.2466204506,0.2281659389
0.8004561003,0.5029025359,0.3568859198,0.2948831054,0.3218033424,0.2558058925,0.2192763568
0.7974154314,0.5080965475,0.3545734841,0.301940891,0.3169452002,0.2483535529,0.2286338116
0.7985556823,0.5041246563,0.3571428571,0.2984119982,0.3058686358,0.2694974003,0.2248908297
0.8034967693,0.5019859456,0.3576567318,0.2946625496,0.31830548,0.2556325823,0.224422957
0.7962751805,0.509624198,0.3460945529,0.3059108955,0.3115040808,0.2627383016,0.2216157205
0.7772709996,0.5163458601,0.3566289825,0.3045875607,0.3202487369,0.2516464471,0.2247348721
0.7810718358,0.5197066911,0.3607399794,0.289810322,0.3289933929,0.2506065858,0.22551466
0.797795515,0.5004582951,0.3681911614,0.2851786502,0.3278274388,0.2537261698,0.2213038054
0.7958950969,0.5041246563,0.3573997945,0.300838112,0.3134473377,0.2594454073,0.2234872115
0.7970353478,0.5059578368,0.3532887975,0.2966475518,0.3280217645,0.2487001733,0.2294135995
0.7822120867,0.5178735105,0.3476361768,0.2990736656,0.3299650214,0.2500866551,0.2256706176
0.7799315849,0.5197066911,0.3412127441,0.3006175562,0.3307423241,0.2504332756,0.227386151
0.7643481566,0.525817293,0.3442959918,0.3076753419,0.3373493976,0.2398613518,0.2287897692
0.7711896617,0.5184845707,0.3463514902,0.3081164535,0.3371550719,0.2402079723,0.2286338116
0.7613074876,0.5245951726,0.3543165468,0.3023820026,0.3272444617,0.2481802426,0.2241110418
0.7742303307,0.5255117629,0.3494347379,0.2981914424,0.3305479984,0.256152513,0.2125701809
0.7837324211,0.5111518485,0.3437821172,0.3096603441,0.3272444617,0.2537261698,0.2113225203
0.7806917522,0.5135960892,0.3558581706,0.2951036612,0.3289933929,0.2566724437,0.2080474111
0.7837324211,0.5093186679,0.3550873587,0.2957653286,0.3354061407,0.2467937608,0.2075795384
0.7746104143,0.5267338833,0.3525179856,0.2928981032,0.3330742324,0.245407279,0.2139737991
0.7822120867,0.5151237397,0.3543165468,0.3014997794,0.3307423241,0.2447140381,0.2153774173
0.7825921703,0.5142071494,0.3630524152,0.2902514336,0.3334628838,0.2424610052,0.2150655022
0.7913340935,0.5099297281,0.3540596095,0.2981914424,0.3356004664,0.2343154246,0.2239550842
0.8012162676,0.5120684387,0.3471223022,0.2988531098,0.3284104159,0.2452339688,0.2222395508
0.7989357659,0.5151237397,0.3478931141,0.293118659,0.3303536728,0.2471403813,0.2200561447
0.8118586089,0.5108463184,0.3368448099,0.2924569916,0.3266614846,0.2558058925,0.2227074236
0.8145191942,0.5074854873,0.3417266187,0.284296427,0.3342401866,0.2473136915,0.2133499688
0.8129988597,0.5050412466,0.3381294964,0.2871636524,0.3332685581,0.2495667244,0.2178727386
0.8167996959,0.5044301864,0.338643371,0.2838553154,0.3348231636,0.2504332756,0.2121023082
0.8095781072,0.5025970058,0.3401849949,0.2922364358,0.3278274388,0.2521663778,0.2149095446
0.8088179399,0.5074854873,0.3432682425,0.2840758712,0.3251068791,0.2601386482,0.2128820961
0.7989357659,0.5163458601,0.3450668037,0.2803264226,0.3225806452,0.2623916811,0.2121023082
0.805777271,0.509624198,0.3399280576,0.2790030878,0.3301593471,0.2587521664,0.2142857143
0.8099581908,0.5206232814,0.3406988695,0.2695191884,0.3249125534,0.2686308492,0.2169369931
0.8114785253,0.5261228231,0.3350462487,0.2681958536,0.3237465993,0.2703639515,0.2167810356
0.8190801976,0.5084020776,0.338643371,0.2679752978,0.3307423241,0.2632582322,0.222551466
0.8247814519,0.509624198,0.335303186,0.2629025143,0.3371550719,0.2542461005,0.2250467873
0.8270619536,0.5099297281,0.3340184995,0.2573886193,0.3381267003,0.259965338,0.2230193387
0.8259217028,0.496791934,0.3342754368,0.2679752978,0.3359891178,0.2660311958,0.2199001871
0.8312428734,0.4983195845,0.3234840699,0.271063079,0.3396813059,0.2672443674,0.2188084841
0.8247814519,0.5056523068,0.3162898253,0.2759153066,0.3357947921,0.2679376083,0.2216157205
0.8365640441,0.4980140544,0.3175745118,0.277679753,0.3301593471,0.2662045061,0.2183406114
0.8361839605,0.4992361748,0.3147482014,0.2807675342,0.3317139526,0.2705372617,0.2094510293
0.8316229571,0.5056523068,0.3096094553,0.2895897662,0.327050136,0.2748700173,0.2071116656
0.8285822881,0.5139016193,0.3052415211,0.287604764,0.3241352507,0.2745233969,0.2111665627
0.8270619536,0.5111518485,0.3062692703,0.2825319806,0.3385153517,0.2693240901,0.2133499688
0.8259217028,0.4989306447,0.3229701953,0.2801058668,0.3342401866,0.2741767764,0.211790393
0.8221208666,0.5004582951,0.3309352518,0.2748125276,0.3317139526,0.2767764298,0.2080474111
0.8171797796,0.5053467767,0.3299075026,0.2781208646,0.3338515352,0.2771230503,0.2052401747
0.8198403649,0.5022914757,0.321942446,0.2847375386,0.332102604,0.2833622184,0.2014971928
0.8095781072,0.509624198,0.3245118191,0.2825319806,0.3336572095,0.2785095321,0.2077354959
0.8167996959,0.5016804155,0.3278520041,0.2814292016,0.3443451224,0.2649913345,0.2139737991
0.8103382744,0.4894592117,0.3473792395,0.2756947508,0.3400699572,0.2776429809,0.2072676232
0.797795515,0.493431103,0.3532887975,0.2750330834,0.3414302371,0.272270364,0.2094510293
0.797795515,0.493431103,0.348663926,0.2723864138,0.3460940536,0.2793760832,0.2024329382
0.8050171038,0.4885426214,0.3476361768,0.2772386414,0.3455110766,0.2772963605,0.2067997505
0.805777271,0.4842652001,0.3484069887,0.2851786502,0.3330742324,0.2731369151,0.2175608235
0.8053971874,0.4888481515,0.3478931141,0.2834142038,0.3305479984,0.2752166378,0.2144416719
0.8145191942,0.4909868622,0.3401849949,0.2867225408,0.3276331131,0.2781629116,0.2113225203
0.8145191942,0.4879315613,0.3412127441,0.2880458756,0.3216090167,0.2783362218,0.2163131628
0.800836184,0.4952642835,0.3373586845,0.2860608734,0.3251068791,0.2821490468,0.2110106051
0.805777271,0.4986251146,0.3424974306,0.2807675342,0.3324912553,0.2741767764,0.2083593263
0.7879133409,0.5047357165,0.3373586845,0.2779003088,0.3373493976,0.2811091854,0.2061759201
0.7909540099,0.4958753437,0.3391572456,0.2845169828,0.3379323747,0.2743500867,0.2096069869
0.7799315849,0.5022914757,0.3394141829,0.2878253198,0.3348231636,0.2809358752,0.2110106051
0.7795515013,0.503208066,0.3340184995,0.299735333,0.3258841819,0.2774696707,0.2075795384
0.7803116686,0.5025970058,0.3368448099,0.2882664314,0.3313253012,0.2755632582,0.2125701809
0.7879133409,0.4943476932,0.348663926,0.2739303044,0.3303536728,0.2793760832,0.2191203993
0.7947548461,0.4873205011,0.3509763618,0.2642258491,0.3476486592,0.2662045061,0.2217716781
0.7841125048,0.4974029942,0.3568859198,0.2591530657,0.3468713564,0.2750433276,0.2164691204
0.7905739263,0.493431103,0.3507194245,0.2779003088,0.3385153517,0.2679376083,0.2205240175
0.7837324211,0.5007638252,0.3471223022,0.2657697397,0.3462883793,0.2686308492,0.2247348721
0.797795515,0.4830430797,0.348663926,0.2701808558,0.3404586086,0.2772963605,0.2191203993
0.7776510832,0.4970974641,0.3509763618,0.2657697397,0.3404586086,0.2783362218,0.2175608235
0.7803116686,0.4995417049,0.3435251799,0.2695191884,0.343956471,0.2764298094,0.2145976294
0.7810718358,0.5074854873,0.3430113052,0.2679752978,0.3429848426,0.2703639515,0.2152214598
0.7742303307,0.5102352582,0.3406988695,0.2792236436,0.3373493976,0.2717504333,0.2130380536
0.7833523375,0.5087076077,0.3332476876,0.278782532,0.3373493976,0.2679376083,0.2227074236
0.7780311669,0.5016804155,0.335303186,0.2913542126,0.3373493976,0.2651646447,0.2258265752
0.776890916,0.5016804155,0.3365878726,0.2959858844,0.3348231636,0.2564991334,0.2283218964
0.7810718358,0.499847235,0.3389003083,0.2878253198,0.3346288379,0.2610051993,0.2194323144
0.7787913341,0.5090131378,0.3347893114,0.2862814292,0.332685581,0.266897747,0.2160012477
0.7814519194,0.5071799572,0.3360739979,0.286501985,0.32957637,0.2641247834,0.2191203993
0.781832003,0.4974029942,0.3550873587,0.273268637,0.3311309755,0.2622183709,0.2200561447
0.76890916,0.5010693553,0.3556012333,0.2734891928,0.3324912553,0.2584055459,0.2242669994
0.7772709996,0.4946532233,0.3571428571,0.2686369652,0.3365720948,0.2587521664,0.2237991266
0.7628278221,0.5047357165,0.3509763618,0.2701808558,0.3350174893,0.2648180243,0.2216157205
0.752945648,0.5154292698,0.3427543679,0.2774591972,0.337738049,0.2526863085,0.2281659389
0.763968073,0.5077910174,0.3324768756,0.2849580944,0.332102604,0.2587521664,0.2269182782
0.8004561003,0.48395967,0.3389003083,0.273268637,0.3410415857,0.2554592721,0.2227074236
0.8000760167,0.471127406,0.3355601233,0.2906925452,0.3334628838,0.2563258232,0.2169369931
0.7996959331,0.4754048274,0.335303186,0.2878253198,0.3338515352,0.245407279,0.2286338116
0.805777271,0.4723495264,0.335303186,0.2840758712,0.3369607462,0.2443674177,0.2300374298
0.8023565184,0.4668499847,0.3378725591,0.2990736656,0.3317139526,0.2450606586,0.2264504055
0.797795515,0.4699052857,0.3381294964,0.289810322,0.3328799067,0.2502599653,0.2230193387
0.800836184,0.4625725634,0.3391572456,0.2924569916,0.327050136,0.2519930676,0.2248908297
0.8015963512,0.467766575,0.3363309353,0.295324217,0.3200544112,0.2535528596,0.2295695571
0.7966552642,0.4641002139,0.3435251799,0.2926775474,0.3188884571,0.2535528596,0.2320648784
0.8000760167,0.4671555148,0.3401849949,0.2858403176,0.3258841819,0.2547660312,0.2306612601
0.8023565184,0.4598227925,0.3409558068,0.2867225408,0.3200544112,0.26152513,0.2328446663
0.8065374382,0.4570730217,0.3432682425,0.2871636524,0.3175281772,0.2618717504,0.2261384903
0.8050171038,0.4683776352,0.3332476876,0.2851786502,0.3237465993,0.252339688,0.2308172177
0.8141391106,0.4668499847,0.3309352518,0.28098809,0.3293820443,0.2525129983,0.2287897692
0.8046370201,0.4576840819,0.3180883864,0.2871636524,0.3486202876,0.2549393414,0.2231752963
0.8042569365,0.4601283226,0.3255395683,0.2869430966,0.3363777691,0.2511265165,0.2308172177
0.7989357659,0.4766269478,0.3191161357,0.2801058668,0.3381267003,0.2519930676,0.2289457268
0.8027366021,0.4769324778,0.319373073,0.2816497574,0.3317139526,0.2556325823,0.2306612601
0.8065374382,0.4717384662,0.318602261,0.2904719894,0.3305479984,0.2521663778,0.2276980661
0.8042569365,0.4732661167,0.3170606372,0.2957653286,0.3202487369,0.2610051993,0.2308172177
0.8023565184,0.4754048274,0.3242548818,0.2915747684,0.3196657598,0.2604852686,0.2319089208
0.7989357659,0.4659333944,0.3263103803,0.2913542126,0.3218033424,0.2603119584,0.2325327511
0.7841125048,0.4769324778,0.3347893114,0.2823114248,0.3231636222,0.2590987868,0.22551466
0.7844925884,0.4757103575,0.328622816,0.287604764,0.3231636222,0.2608318891,0.2286338116
0.7738502471,0.4842652001,0.3278520041,0.2862814292,0.3338515352,0.2535528596,0.234404242
0.781832003,0.4674610449,0.3273381295,0.2955447728,0.3336572095,0.2563258232,0.2367436057
0.7879133409,0.4589062023,0.3306783145,0.2984119982,0.3334628838,0.2552859619,0.2230193387
0.7852527556,0.464405744,0.3178314491,0.3081164535,0.3311309755,0.2511265165,0.2237991266
0.7852527556,0.4650168042,0.3206577595,0.3050286723,0.3307423241,0.2554592721,0.2231752963
0.7886735082,0.454934311,0.329393628,0.3017203352,0.3344345122,0.2516464471,0.22551466
0.7852527556,0.4567674916,0.3309352518,0.2984119982,0.332102604,0.2547660312,0.2242669994
0.7958950969,0.4408799267,0.3234840699,0.3103220115,0.3276331131,0.2547660312,0.2253587024
0.7943747624,0.4399633364,0.3270811922,0.3149536833,0.3227749709,0.2488734835,0.2283218964
0.7890535918,0.4414909869,0.3209146968,0.3193647993,0.3233579479,0.247660312,0.2345601996
0.7920942607,0.4454628781,0.3291366906,0.3109836789,0.3202487369,0.2480069324,0.2283218964
0.7947548461,0.4408799267,0.3242548818,0.3114247905,0.3219976681,0.252339688,0.2328446663
0.8015963512,0.4359914452,0.3283658787,0.3193647993,0.3095608239,0.2544194107,0.233312539
0.8038768529,0.4216315307,0.3340184995,0.3226731363,0.3210260396,0.242287695,0.2247348721
0.8012162676,0.4146043385,0.3324768756,0.3242170269,0.3287990672,0.2370883882,0.2397067998
0.8031166857,0.41949282,0.3301644399,0.3213498015,0.3179168286,0.2466204506,0.2384591391
0.8050171038,0.416131989,0.3257965057,0.3233348037,0.3206373883,0.2537261698,0.2328446663
0.7970353478,0.4201038802,0.3291366906,0.3209086899,0.3274387874,0.2450606586,0.236275733
0.7894336754,0.4262144821,0.3309352518,0.3268636965,0.3192771084,0.2417677643,0.2375233936
0.8019764348,0.4185762298,0.318602261,0.3345831495,0.3210260396,0.2424610052,0.2322208359
0.800836184,0.4283531928,0.3132065776,0.3325981473,0.3192771084,0.2346620451,0.2336244541
0.8042569365,0.4249923617,0.3188591984,0.3281870313,0.3251068791,0.2348353553,0.234404242
0.8053971874,0.4222425909,0.3239979445,0.3268636965,0.3218033424,0.236915078,0.2361197754
0.805777271,0.4133822181,0.3270811922,0.3281870313,0.3260785076,0.236915078,0.2330006238
0.7985556823,0.4204094103,0.3291366906,0.3288486987,0.3196657598,0.2403812825,0.2269182782
0.805777271,0.4112435075,0.3275950668,0.3297309219,0.3204430626,0.2386481802,0.2311291329
0.8042569365,0.4182706997,0.326053443,0.3266431407,0.3188884571,0.2403812825,0.2320648784
0.8042569365,0.409715857,0.3273381295,0.3303925893,0.323940925,0.2275563258,0.2351840299
0.8042569365,0.4274366025,0.3288797533,0.3250992501,0.3233579479,0.2285961872,0.2276980661
0.8080577727,0.4210204705,0.3268242549,0.3292898103,0.3258841819,0.2256499133,0.2359638178
0.8015963512,0.4231591812,0.326053443,0.3264225849,0.3256898562,0.2272097054,0.2359638178
0.805777271,0.4182706997,0.335303186,0.3184825761,0.3229692965,0.2308492201,0.2367436057
0.8038768529,0.4167430492,0.3350462487,0.3176003529,0.3293820443,0.2284228769,0.2361197754
0.7943747624,0.4234647113,0.3378725591,0.3189236877,0.3284104159,0.2235701906,0.2407985028
0.7837324211,0.4341582646,0.3345323741,0.3204675783,0.3256898562,0.2258232236,0.2354959451
0.7958950969,0.4240757715,0.3340184995,0.3226731363,0.3225806452,0.2157712305,0.2428259513
0.8050171038,0.4219370608,0.3275950668,0.3191442435,0.3231636222,0.224610052,0.2431378665
0.8053971874,0.422548121,0.3201438849,0.3209086899,0.3179168286,0.2292894281,0.2448533999
0.8065374382,0.4155209288,0.3152620761,0.3299514777,0.3225806452,0.2272097054,0.2428259513
0.7996959331,0.422548121,0.3242548818,0.3105425673,0.3249125534,0.2320623917,0.2465689333
0.7939946788,0.425908952,0.3242548818,0.3116453463,0.3262728333,0.2358752166,0.2429819089
0.7909540099,0.4201038802,0.3263103803,0.3149536833,0.326467159,0.2445407279,0.2351840299
0.7909540099,0.4121600978,0.3239979445,0.3187031319,0.3322969297,0.2417677643,0.2368995633
0.7901938426,0.4100213871,0.326053443,0.3145125717,0.3356004664,0.243847487,0.2403306301
0.7806917522,0.416131989,0.3250256937,0.3167181297,0.3363777691,0.2558058925,0.238147224
0.7841125048,0.409715857,0.3214285714,0.3220114689,0.3363777691,0.2526863085,0.2418902059
0.7761307488,0.4197983501,0.319373073,0.3215703573,0.3379323747,0.2608318891,0.2378353088
0.7742303307,0.4204094103,0.3214285714,0.3237759153,0.3330742324,0.2611785095,0.2439176544
0.7803116686,0.4118545677,0.3257965057,0.3189236877,0.3363777691,0.2705372617,0.2384591391
0.7901938426,0.4039107852,0.3275950668,0.3233348037,0.3334628838,0.2656845754,0.2400187149
0.7905739263,0.4020776046,0.3263103803,0.3312748125,0.3280217645,0.2651646447,0.2383031815
0.7905739263,0.4084937366,0.319373073,0.3295103661,0.3338515352,0.2710571924,0.233312539
0.7924743444,0.4020776046,0.3201438849,0.3273048081,0.3373493976,0.2712305026,0.2383031815
0.789813759,0.4042163153,0.3198869476,0.3319364799,0.3241352507,0.2766031196,0.2375233936
0.7924743444,0.3877176902,0.3263103803,0.3290692545,0.3342401866,0.2727902946,0.2368995633
0.7917141771,0.3953559426,0.3206577595,0.3363475959,0.3307423241,0.2740034662,0.2409544604
0.7981755986,0.3974946532,0.3165467626,0.3348037053,0.3194714341,0.2837088388,0.239238927
0.7989357659,0.3916895814,0.3142343268,0.3301720335,0.3301593471,0.2757365685,0.2383031815
0.7909540099,0.3941338222,0.3237410072,0.3392148213,0.3188884571,0.2812824957,0.230349345
0.789813759,0.3993278338,0.318602261,0.3363475959,0.3198600855,0.2852686308,0.228477854
0.7909540099,0.3919951115,0.3214285714,0.3400970446,0.3171395258,0.2913344887,0.2239550842
0.8042569365,0.383745799,0.3229701953,0.3323775915,0.3159735717,0.2928942808,0.228477854
0.8080577727,0.377329667,0.3304213772,0.3226731363,0.3249125534,0.2887348354,0.2291016843
0.8088179399,0.3779407272,0.3229701953,0.3361270401,0.3122813836,0.2883882149,0.2334684966
0.8103382744,0.3767186068,0.3247687564,0.3317159241,0.3134473377,0.2925476603,0.2339363693
0.805777271,0.3819126184,0.3216855087,0.3264225849,0.3210260396,0.2882149047,0.231441048
0.8061573546,0.3764130767,0.3304213772,0.3184825761,0.32957637,0.2821490468,0.2266063631
0.7974154314,0.3883287504,0.3144912641,0.3248786943,0.3319082783,0.2887348354,0.2219276357
0.7901938426,0.390161931,0.3134635149,0.3350242611,0.3274387874,0.2890814558,0.2216157205
0.7985556823,0.3822181485,0.3168036999,0.3284075871,0.3245239021,0.2967071057,0.2192763568
0.7890535918,0.3819126184,0.3170606372,0.3352448169,0.326467159,0.2920277296,0.2262944479
0.7829722539,0.3840513291,0.3168036999,0.3370092633,0.3245239021,0.2908145581,0.2245789145
0.7879133409,0.3849679193,0.3175745118,0.3365681517,0.3231636222,0.2826689775,0.2376793512
0.7833523375,0.3907729911,0.3157759507,0.3321570357,0.3188884571,0.2882149047,0.2326887087
0.7932345116,0.383745799,0.3137204522,0.3319364799,0.3167508745,0.2902946274,0.2294135995
0.7913340935,0.3797739077,0.318602261,0.3233348037,0.3218033424,0.2911611785,0.2358078603
0.7932345116,0.3715245952,0.3165467626,0.3235553595,0.327050136,0.2977469671,0.2276980661
0.7746104143,0.3834402689,0.3170606372,0.3275253639,0.3216090167,0.2965337955,0.2289457268
0.7791714177,0.3898564009,0.3134635149,0.3220114689,0.3334628838,0.2882149047,0.2291016843
0.781832003,0.3712190651,0.3340184995,0.3215703573,0.3293820443,0.2835355286,0.2323767935
0.7833523375,0.3617476321,0.329393628,0.3250992501,0.3338515352,0.2857885615,0.2247348721
0.7841125048,0.3605255118,0.3335046249,0.3301720335,0.3243295764,0.2922010399,0.2230193387
0.7810718358,0.361136572,0.3347893114,0.3288486987,0.3287990672,0.287694974,0.2278540237
0.7761307488,0.367858234,0.3314491264,0.3281870313,0.3328799067,0.280762565,0.234404242
0.7799315849,0.348304308,0.3478931141,0.3363475959,0.3276331131,0.2672443674,0.2432938241
0.7780311669,0.3583868011,0.3404419322,0.3297309219,0.3338515352,0.2766031196,0.2351840299
0.7791714177,0.3583868011,0.3455806783,0.3334803705,0.3282160902,0.2726169844,0.2400187149
0.7681489928,0.3641918729,0.3399280576,0.3306131451,0.3338515352,0.2757365685,0.2387710543
0.7540858989,0.3730522456,0.3427543679,0.3319364799,0.3301593471,0.2830155979,0.2395508422
0.7544659825,0.3727467156,0.3424974306,0.3268636965,0.3338515352,0.2766031196,0.2498440424
0.7514253136,0.3718301253,0.3448098664,0.3323775915,0.3165565488,0.2857885615,0.2473487211
0.7605473204,0.3641918729,0.3435251799,0.3332598147,0.3159735717,0.2856152513,0.2517155334
0.7571265678,0.3675527039,0.3445529291,0.3321570357,0.3159735717,0.2779896014,0.2535870243
0.7734701634,0.3660250535,0.3306783145,0.3337009263,0.3243295764,0.2762564991,0.2462570181
0.7711896617,0.3605255118,0.3376156218,0.3339214821,0.3181111543,0.2752166378,0.2567061759
0.7761307488,0.3534983196,0.3306783145,0.3445081606,0.3218033424,0.2767764298,0.2471927636
0.7711896617,0.3574702108,0.3296505653,0.3376709307,0.3165565488,0.2837088388,0.2545227698
0.7711896617,0.361136572,0.3255395683,0.3354653727,0.320831714,0.2752166378,0.2557704304
0.771949829,0.3593033914,0.3209146968,0.3365681517,0.3219976681,0.2830155979,0.2506238303
0.7696693273,0.35472044,0.3296505653,0.3403176004,0.3167508745,0.2864818024,0.245165315
0.7753705815,0.3699969447,0.3237410072,0.3308337009,0.3297706957,0.279202773,0.2409544604
0.7601672368,0.3727467156,0.3232271326,0.3275253639,0.3429848426,0.2804159445,0.2386150967
0.755986317,0.3718301253,0.3165467626,0.3403176004,0.3379323747,0.2772963605,0.2398627573
0.7502850627,0.3687748243,0.3178314491,0.3425231584,0.3328799067,0.2897746967,0.2331565814
0.7521854808,0.3739688359,0.3250256937,0.3328187031,0.3249125534,0.2863084922,0.2404865876
0.7567464842,0.3843568592,0.3234840699,0.3284075871,0.3291877186,0.2800693241,0.2404865876
0.7590269859,0.3978001833,0.3216855087,0.3303925893,0.3223863195,0.2812824957,0.239238927
0.7727099962,0.3788573174,0.3278520041,0.3239964711,0.3278274388,0.2741767764,0.2442295696
0.7746104143,0.3669416438,0.331963001,0.3257609175,0.3286047415,0.2786828423,0.2356519027
0.7723299126,0.3687748243,0.3314491264,0.3193647993,0.3367664205,0.2762564991,0.2395508422
0.7734701634,0.3733577757,0.3242548818,0.3209086899,0.3367664205,0.2741767764,0.2401746725
0.7776510832,0.361442102,0.3291366906,0.3178209087,0.3462883793,0.268457539,0.2443855271
0.7738502471,0.3629697525,0.3255395683,0.3281870313,0.3536727555,0.2670710572,0.2339363693
0.7746104143,0.3605255118,0.335303186,0.3182620203,0.3503692188,0.272270364,0.241110418
0.7704294945,0.3629697525,0.3242548818,0.3370092633,0.3519238243,0.2662045061,0.2281659389
0.784872672,0.3748854262,0.321942446,0.3178209087,0.3505635445,0.2693240901,0.2256706176
0.7890535918,0.3696914146,0.312692703,0.3233348037,0.3585308978,0.2656845754,0.2264504055
0.7681489928,0.3641918729,0.319373073,0.3273048081,0.3663039254,0.264644714,0.2280099813
0.7635879894,0.3608310419,0.3188591984,0.3330392589,0.3618344345,0.2743500867,0.2216157205
0.7666286583,0.3449434769,0.3139773895,0.340758712,0.3666925768,0.2771230503,0.2264504055
0.7647282402,0.3565536205,0.3119218911,0.3352448169,0.365915274,0.2824956672,0.2202121023
0.7761307488,0.3657195234,0.3036998972,0.3231142479,0.3705790906,0.2788561525,0.2216157205
0.7833523375,0.3660250535,0.2952209661,0.3257609175,0.377186164,0.2790294627,0.2189644417
0.7867730901,0.3651084632,0.2954779034,0.3288486987,0.369024485,0.2824956672,0.2216157205
0.7825921703,0.3669416438,0.2954779034,0.3297309219,0.3668869024,0.2830155979,0.2202121023
0.7822120867,0.3681637641,0.2918807811,0.3367887075,0.3616401088,0.2797227036,0.2287897692
0.7837324211,0.3669416438,0.2998458376,0.3200264667,0.377186164,0.2745233969,0.2286338116
0.776890916,0.3800794378,0.2895683453,0.3248786943,0.360279829,0.2793760832,0.2205240175
0.7715697453,0.3855789795,0.2905960946,0.3158359065,0.3664982511,0.2736568458,0.2258265752
0.7776510832,0.3779407272,0.2913669065,0.3220114689,0.3598911776,0.2745233969,0.228477854
0.7734701634,0.38710663,0.2872559096,0.3156153507,0.3600855033,0.2776429809,0.2269182782
0.7753705815,0.3895508708,0.2828879753,0.3215703573,0.3488146133,0.2824956672,0.2283218964
0.7746104143,0.3895508708,0.2872559096,0.3246581385,0.3565876409,0.2731369151,0.2272301934
0.7711896617,0.3978001833,0.2810894142,0.3217909131,0.3608628061,0.2693240901,0.2378353088
0.7742303307,0.4066605561,0.2831449126,0.3189236877,0.3429848426,0.2766031196,0.2454772302
0.7742303307,0.4005499542,0.289311408,0.3193647993,0.3414302371,0.2798960139,0.2456331878
0.7772709996,0.3947448824,0.2898252826,0.3211292457,0.3387096774,0.2833622184,0.2493761697
0.7700494109,0.3892453407,0.2854573484,0.3149536833,0.3552273611,0.2857885615,0.2387710543
0.7654884074,0.3846623892,0.2985611511,0.3171592413,0.343373494,0.2854419411,0.2395508422
0.7635879894,0.3880232203,0.2983042138,0.3200264667,0.3410415857,0.2757365685,0.2468808484
0.7556062334,0.3996333639,0.2785200411,0.3275253639,0.3422075398,0.2766031196,0.2462570181
0.7358418852,0.4042163153,0.2795477903,0.3337009263,0.3441507967,0.270017331,0.2415782907
0.7316609654,0.3962725328,0.2962487153,0.340758712,0.3315196269,0.2696707106,0.2387710543
0.7388825542,0.4039107852,0.2972764645,0.3334803705,0.3328799067,0.2694974003,0.2423580786
0.7438236412,0.3978001833,0.3070400822,0.3299514777,0.3253012048,0.2675909879,0.2535870243
0.7442037248,0.4075771463,0.3013874615,0.3301720335,0.321414691,0.2660311958,0.2521834061
0.7305207146,0.4146043385,0.2895683453,0.340758712,0.3204430626,0.2734835355,0.2468808484
0.727099962,0.4146043385,0.2849434738,0.3341420379,0.3258841819,0.2733102253,0.2485963818
0.7358418852,0.4072716163,0.2877697842,0.3286281429,0.3396813059,0.2679376083,0.2454772302
0.7396427214,0.4106324473,0.289311408,0.3273048081,0.3398756316,0.2549393414,0.2510917031
0.7278601292,0.4237702414,0.2839157246,0.3264225849,0.3447337738,0.2610051993,0.2450093575
0.727099962,0.4170485793,0.2957348407,0.3303925893,0.3317139526,0.2632582322,0.25
0.7366020525,0.4130766881,0.289311408,0.3343625937,0.3375437233,0.26152513,0.2485963818
0.7362219688,0.4075771463,0.2931654676,0.3343625937,0.3385153517,0.2585788562,0.2487523394
0.7404028886,0.4029941949,0.2898252826,0.3337009263,0.3367664205,0.2601386482,0.2556144729
0.7358418852,0.4045218454,0.2852004111,0.3400970446,0.3340458609,0.2644714038,0.2553025577
0.7339414671,0.4069660862,0.2869989723,0.3387737097,0.3328799067,0.2637781629,0.257797879
0.7282402128,0.4072716163,0.2905960946,0.3392148213,0.3286047415,0.2717504333,0.2484404242
0.7160775371,0.4072716163,0.2952209661,0.3372298191,0.3342401866,0.2689774697,0.2495321273
0.7172177879,0.4115490376,0.2913669065,0.3354653727,0.3371550719,0.2691507799,0.2450093575
0.714177119,0.4164375191,0.295991778,0.3301720335,0.3402642829,0.2596187175,0.2507797879
0.7145572026,0.4139932783,0.3036998972,0.3288486987,0.3373493976,0.2590987868,0.2545227698
0.719118206,0.4057439658,0.2998458376,0.3317159241,0.3418188885,0.2589254766,0.2503119152
0.7202584569,0.4045218454,0.2980472765,0.3356859285,0.3371550719,0.2603119584,0.254834685
0.7213987077,0.4109379774,0.2916238438,0.3330392589,0.3412359114,0.2568457539,0.2634123518
0.7259597111,0.4084937366,0.2977903392,0.3284075871,0.3410415857,0.2608318891,0.2531191516
0.7210186241,0.4087992667,0.2895683453,0.3337009263,0.3468713564,0.2653379549,0.2495321273
0.7149372862,0.4136877482,0.3072970195,0.3222320247,0.3416245628,0.2611785095,0.2582657517
0.7194982896,0.412771158,0.3011305242,0.3206881341,0.3429848426,0.2629116118,0.2504678727
0.7077156975,0.4207149404,0.2965056526,0.3288486987,0.3412359114,0.2642980936,0.2531191516
0.7004941087,0.403299725,0.3206577595,0.3268636965,0.337738049,0.2620450607,0.2579538366
0.7023945268,0.4014665445,0.319373073,0.3253198059,0.3478429848,0.2563258232,0.2570180911
0.7054351957,0.3996333639,0.3150051387,0.3317159241,0.3447337738,0.2549393414,0.2595134124
0.6985936906,0.4020776046,0.316032888,0.3319364799,0.3470656821,0.2625649913,0.2506238303
0.7008741923,0.403299725,0.316032888,0.3330392589,0.3480373105,0.2623916811,0.2368995633
0.6940326872,0.3978001833,0.326053443,0.3356859285,0.3457054023,0.2634315425,0.239238927
0.690231851,0.4045218454,0.3229701953,0.3354653727,0.3482316362,0.2604852686,0.2420461634
0.6940326872,0.3996333639,0.3257965057,0.3303925893,0.3536727555,0.2622183709,0.2334684966
0.6955530217,0.3993278338,0.3057553957,0.3392148213,0.3558103381,0.2662045061,0.2340923269
0.7130368681,0.3846623892,0.3065262076,0.3392148213,0.3530897785,0.2656845754,0.244073612
0.7107563664,0.3910785212,0.3088386434,0.3255403617,0.3647493199,0.2641247834,0.2383031815
0.7088559483,0.3929117018,0.3144912641,0.3202470225,0.3560046638,0.2675909879,0.2432938241
0.7126567845,0.393522762,0.3108941418,0.3277459197,0.3534784298,0.2618717504,0.2568621335
0.7096161155,0.3910785212,0.3090955807,0.3253198059,0.3517294986,0.2632582322,0.2604491578
0.7107563664,0.3813015582,0.3088386434,0.3374503749,0.3474543335,0.2710571924,0.2515595758
0.7103762828,0.3907729911,0.3044707091,0.3383325981,0.3482316362,0.27694974,0.2412663755
0.7065754466,0.3950504125,0.2980472765,0.3385531539,0.357170618,0.2693240901,0.2404865876
0.7084758647,0.38710663,0.3168036999,0.3352448169,0.3486202876,0.2642980936,0.2484404242
0.7126567845,0.3941338222,0.3101233299,0.3306131451,0.3455110766,0.2696707106,0.2479725515
0.7153173698,0.3868010999,0.3006166495,0.3436259374,0.3385153517,0.2746967071,0.2457891454
0.71113645,0.3984112435,0.3029290853,0.3423026026,0.3445394481,0.259965338,0.2528072364
0.7187381224,0.4066605561,0.299331963,0.3394353772,0.3441507967,0.2597920277,0.2476606363
0.722158875,0.4026886648,0.2952209661,0.3416409352,0.3455110766,0.2611785095,0.2412663755
0.7206385405,0.409715857,0.3047276465,0.3343625937,0.3299650214,0.2746967071,0.238147224
0.7217787913,0.399938894,0.3098663926,0.3312748125,0.3400699572,0.2731369151,0.2365876482
0.7156974534,0.4094103269,0.3116649538,0.3211292457,0.3443451224,0.270017331,0.247036806
0.7103762828,0.4139932783,0.3075539568,0.3211292457,0.343373494,0.2731369151,0.247036806
0.7107563664,0.4094103269,0.3083247688,0.3215703573,0.3410415857,0.2752166378,0.2464129757
0.7080957811,0.4164375191,0.3013874615,0.3248786943,0.3447337738,0.273830156,0.2457891454
0.7122767009,0.4136877482,0.3039568345,0.3217909131,0.3509521959,0.2743500867,0.2376793512
0.722158875,0.4020776046,0.3001027749,0.3242170269,0.3596968519,0.26152513,0.2443855271
0.7080957811,0.4118545677,0.2957348407,0.3279664755,0.3649436455,0.2582322357,0.2420461634
0.6906119346,0.4069660862,0.295991778,0.3339214821,0.3703847649,0.2658578856,0.2409544604
0.6917521855,0.3996333639,0.3106372045,0.3257609175,0.3699961135,0.2707105719,0.2354959451
0.6978335234,0.3883287504,0.3250256937,0.3228936921,0.3569762923,0.2819757366,0.230349345
0.7069555302,0.3825236786,0.322713258,0.3275253639,0.3538670812,0.287694974,0.2301933874
0.7084758647,0.3803849679,0.3206577595,0.3262020291,0.3565876409,0.2790294627,0.2412663755
0.7023945268,0.3748854262,0.3204008222,0.3334803705,0.3585308978,0.2798960139,0.2289457268
0.7042949449,0.3739688359,0.321942446,0.3310542567,0.3630003887,0.2705372617,0.2354959451
0.7008741923,0.3712190651,0.3288797533,0.3277459197,0.3647493199,0.2734835355,0.2253587024
0.7001140251,0.3675527039,0.3304213772,0.3253198059,0.3686358337,0.2786828423,0.2164691204
0.706195363,0.3629697525,0.3265673176,0.3259814733,0.3742712787,0.2686308492,0.2220835933
0.7054351957,0.3571646807,0.3291366906,0.3359064843,0.377186164,0.2608318891,0.2170929507
0.7050551121,0.3651084632,0.3283658787,0.3273048081,0.3814613292,0.2620450607,0.2188084841
0.7027746104,0.3745798961,0.3270811922,0.3343625937,0.3661095997,0.2707105719,0.2169369931
0.7054351957,0.3593033914,0.3327338129,0.3365681517,0.3631947143,0.2662045061,0.2227074236
0.6997339415,0.3654139933,0.3278520041,0.3350242611,0.3717450447,0.2590987868,0.2194323144
0.6887115165,0.3751909563,0.3191161357,0.3405381562,0.3703847649,0.2618717504,0.2217716781
0.6868110984,0.3660250535,0.3180883864,0.346272607,0.3738826273,0.2625649913,0.2256706176
0.6845305967,0.3648029331,0.3281089414,0.3423026026,0.3682471823,0.2656845754,0.2281659389
0.6890916002,0.3583868011,0.3337615622,0.3385531539,0.3705790906,0.2679376083,0.2264504055
0.6887115165,0.361136572,0.3214285714,0.3453903838,0.37465993,0.2681109185,0.227386151
0.6887115165,0.370913535,0.3191161357,0.3337009263,0.3812670035,0.2764298094,0.2211478478
0.6818700114,0.3727467156,0.325282631,0.3255403617,0.3806840264,0.2793760832,0.2278540237
0.677309008,0.3672471738,0.3278520041,0.3286281429,0.3863194714,0.2686308492,0.2326887087
0.6754085899,0.3672471738,0.3257965057,0.3356859285,0.382821609,0.272270364,0.2317529632
0.6731280882,0.3703024748,0.3345323741,0.3189236877,0.3882627283,0.2727902946,0.2373674361
0.6795895097,0.3657195234,0.3378725591,0.3162770181,0.3869024485,0.2606585789,0.242202121
0.6765488407,0.3690803544,0.3347893114,0.3244375827,0.3855421687,0.2570190641,0.2390829694
0.6788293425,0.3648029331,0.3281089414,0.3220114689,0.387874077,0.2642980936,0.2379912664
0.6845305967,0.3556370302,0.3273381295,0.3257609175,0.377186164,0.2677642981,0.2437616968
0.6814899278,0.3504430186,0.3365878726,0.3259814733,0.388457054,0.2610051993,0.241110418
0.6856708476,0.3489153682,0.3324768756,0.3330392589,0.374076953,0.2740034662,0.2417342483
0.6868110984,0.3476932478,0.3283658787,0.3352448169,0.3727166731,0.2741767764,0.2423580786
0.6776890916,0.3531927895,0.3301644399,0.3321570357,0.3859308201,0.2648180243,0.2415782907
0.674268339,0.3467766575,0.338643371,0.3297309219,0.3847648659,0.266897747,0.2404865876
0.6670467503,0.3599144516,0.3373586845,0.3244375827,0.382821609,0.2705372617,0.2415782907
0.6754085899,0.3498319584,0.3424974306,0.3292898103,0.3734939759,0.2778162912,0.2431378665
0.677309008,0.361136572,0.3394141829,0.3242170269,0.371550719,0.2748700173,0.2397067998
0.6860509312,0.3507485487,0.3406988695,0.3281870313,0.3713563933,0.268457539,0.2487523394
0.6818700114,0.3657195234,0.3345323741,0.3242170269,0.3686358337,0.2677642981,0.247036806
0.6776890916,0.3660250535,0.3311921891,0.3217909131,0.3731053245,0.2724436742,0.2468808484
0.6735081718,0.3577757409,0.3314491264,0.3321570357,0.3709677419,0.273830156,0.245165315
0.669327252,0.3663305836,0.3232271326,0.3264225849,0.3808783521,0.26152513,0.2429819089
0.6754085899,0.3739688359,0.3152620761,0.3231142479,0.3742712787,0.2667244367,0.2461010605
0.6700874192,0.3660250535,0.3257965057,0.3231142479,0.3742712787,0.2811091854,0.242202121
0.6678069175,0.3666361137,0.3278520041,0.3266431407,0.3626117373,0.2842287695,0.2376793512
0.6814899278,0.3626642224,0.3234840699,0.3292898103,0.3610571318,0.2788561525,0.2354959451
0.6750285063,0.3596089215,0.3304213772,0.3250992501,0.3694131364,0.2743500867,0.2412663755
0.6746484227,0.3596089215,0.3304213772,0.3277459197,0.3567819666,0.2845753899,0.2400187149
0.6761687571,0.3623586923,0.3257965057,0.3239964711,0.3530897785,0.2845753899,0.239238927
0.677309008,0.3675527039,0.3129496403,0.3239964711,0.3583365721,0.282322357,0.2461010605
0.6814899278,0.3654139933,0.3052415211,0.3288486987,0.3596968519,0.2746967071,0.2461010605
0.6807297605,0.3654139933,0.3085817061,0.3206881341,0.3727166731,0.2729636049,0.2501559576
0.6792094261,0.3654139933,0.3049845838,0.3319364799,0.3678585309,0.2772963605,0.2459451029
0.6769289244,0.3699969447,0.3178314491,0.3180414645,0.371550719,0.2729636049,0.2532751092
0.6803496769,0.3602199817,0.3250256937,0.3182620203,0.3664982511,0.2847487002,0.2443855271
0.6818700114,0.3525817293,0.3242548818,0.3259814733,0.3595025262,0.289254766,0.2348721148
0.6799695933,0.3541093798,0.3311921891,0.3187031319,0.3523124757,0.2942807626,0.2389270119
0.664386165,0.3666361137,0.322713258,0.3200264667,0.3631947143,0.2850953206,0.2432938241
0.6510832383,0.3813015582,0.3265673176,0.3187031319,0.3567819666,0.2894280763,0.2364316906
0.645381984,0.3767186068,0.3247687564,0.3220114689,0.3563933152,0.2937608319,0.2367436057
0.648422653,0.3721356554,0.3265673176,0.3147331275,0.3563933152,0.2948006932,0.2395508422
0.6431014823,0.3721356554,0.3301644399,0.3160564623,0.3593082005,0.2899480069,0.2464129757
0.6396807298,0.3706080049,0.3314491264,0.3220114689,0.3488146133,0.2922010399,0.2467248908
0.6393006461,0.3681637641,0.3406988695,0.3195853551,0.3482316362,0.2894280763,0.245165315
0.6472824021,0.3660250535,0.3437821172,0.3120864579,0.3548387097,0.2837088388,0.2436057392
0.6415811479,0.3672471738,0.3376156218,0.3156153507,0.3563933152,0.2890814558,0.2400187149
0.6415811479,0.3641918729,0.3401849949,0.3182620203,0.3474543335,0.2906412478,0.2401746725
0.6480425694,0.3629697525,0.3337615622,0.3156153507,0.3558103381,0.2894280763,0.2403306301
0.645381984,0.3669416438,0.3389003083,0.3070136745,0.3596968519,0.2868284229,0.2398627573
0.6393006461,0.3669416438,0.3389003083,0.3105425673,0.360279829,0.2906412478,0.2434497817
0.6423413151,0.361442102,0.3442959918,0.3140714601,0.3569762923,0.2870017331,0.2439176544
0.63549981,0.3724411855,0.3450668037,0.3162770181,0.3493975904,0.2845753899,0.2450093575
0.6381603953,0.3693858845,0.3394141829,0.3167181297,0.3563933152,0.2755632582,0.2526512789
0.6412010642,0.3767186068,0.3206577595,0.3308337009,0.3534784298,0.2745233969,0.2504678727
0.6442417332,0.3687748243,0.3237410072,0.3193647993,0.3624174116,0.2798960139,0.2446974423
0.6358798936,0.3666361137,0.3347893114,0.3228936921,0.3561989895,0.2679376083,0.2507797879
0.6434815659,0.3583868011,0.3373586845,0.3176003529,0.3575592693,0.2785095321,0.2485963818
0.6450019004,0.3568591506,0.3460945529,0.3149536833,0.3488146133,0.2824956672,0.2507797879
0.6442417332,0.3626642224,0.3355601233,0.3184825761,0.3499805674,0.2845753899,0.2434497817
0.6385404789,0.3693858845,0.3363309353,0.3160564623,0.354644384,0.2866551127,0.2378353088
0.6362599772,0.3660250535,0.3268242549,0.3180414645,0.3585308978,0.291507799,0.2356519027
0.6412010642,0.3507485487,0.3355601233,0.3259814733,0.3525068014,0.2887348354,0.2420461634
0.6343595591,0.3538038497,0.3365878726,0.3169386855,0.3608628061,0.2911611785,0.2400187149
0.6328392246,0.3519706691,0.3347893114,0.3184825761,0.3655266226,0.2868284229,0.2417342483
0.6362599772,0.3440268866,0.338643371,0.3184825761,0.3668869024,0.2850953206,0.2404865876
0.6290383884,0.3492208983,0.3381294964,0.3217909131,0.3606684804,0.2828422877,0.2368995633
0.6176358799,0.3629697525,0.3360739979,0.3209086899,0.3595025262,0.2845753899,0.2375233936
0.6259977195,0.3602199817,0.3317060637,0.3281870313,0.3525068014,0.2844020797,0.2354959451
0.6183960471,0.364497403,0.3412127441,0.3226731363,0.3561989895,0.2800693241,0.2275421085
0.619536298,0.3608310419,0.3424974306,0.3233348037,0.3492032647,0.2850953206,0.2350280724
0.6168757127,0.3553315002,0.3422404933,0.3281870313,0.3538670812,0.2845753899,0.2387710543
0.6157354618,0.3568591506,0.3481500514,0.3222320247,0.3488146133,0.2824956672,0.2468808484
0.6214367161,0.3660250535,0.3373586845,0.3213498015,0.349008939,0.2797227036,0.2528072364
0.6183960471,0.3663305836,0.3373586845,0.3215703573,0.3497862417,0.2743500867,0.2556144729
0.6214367161,0.3663305836,0.3350462487,0.3250992501,0.3499805674,0.2811091854,0.2473487211
0.6233371342,0.3635808127,0.3360739979,0.3275253639,0.3474543335,0.2814558059,0.2415782907
