0.496835443,0.4436170213,0.2819693095,0.3266787659,0.3361702128,0.4390243902,0.3143976494
0.4936708861,0.4553191489,0.2762148338,0.3352994555,0.3393617021,0.4465737515,0.3097453477
0.4936708861,0.4638297872,0.2858056266,0.3352994555,0.3574468085,0.424796748,0.3293339863
0.4683544304,0.4989361702,0.2902813299,0.3289473684,0.3517730496,0.4239256678,0.333251714
0.4810126582,0.4819148936,0.2883631714,0.3117059891,0.3709219858,0.4245063879,0.3239471107
0.4778481013,0.4819148936,0.297314578,0.3112522686,0.364893617,0.4239256678,0.333496572
0.4810126582,0.4946808511,0.2877237852,0.3230490018,0.3524822695,0.4277003484,0.318805093
0.4970238095,0.4885416667,0.2948232323,0.3129496403,0.3732394366,0.420034642,0.3435672515
0.4970238095,0.4760416667,0.2941919192,0.315647482,0.3742957746,0.4266743649,0.3282163743
0.4970238095,0.4697916667,0.2973484848,0.3174460432,0.3605633803,0.4116628176,0.3335769981
0.4880952381,0.4541666667,0.3055555556,0.3282374101,0.3387323944,0.4206120092,0.3360136452
0.52,0.4414784394,0.2897371715,0.3391420912,0.3601962158,0.3962047154,0.3300145702
0.5228571429,0.4486652977,0.2778473091,0.3391420912,0.368605466,0.3973548016,0.3297717339
0.52,0.4404517454,0.2634543179,0.3440571939,0.3693062369,0.4123059229,0.3237008256
0.52,0.4240246407,0.2772215269,0.3333333333,0.3693062369,0.4131684876,0.3188440991
0.5407608696,0.4072580645,0.2863327149,0.3213652482,0.3972841226,0.395767801,0.3285783366
0.527173913,0.4284274194,0.280148423,0.3293439716,0.3962395543,0.3946239634,0.3266441006
0.5540540541,0.4486921529,0.2713226205,0.328166519,0.4018789144,0.4125214408,0.3158530691
0.5540540541,0.4486921529,0.2645241038,0.3445527015,0.3973556019,0.4039451115,0.3228612856
0.5625,0.433531746,0.2757352941,0.360915493,0.3774238227,0.3992027335,0.304672447
0.5625,0.4642857143,0.2555147059,0.3556338028,0.3791551247,0.4066059226,0.3306840077
0.5948717949,0.4654832347,0.2771672772,0.3314310799,0.3849343469,0.4133030131,0.3225108225
0.5858585859,0.4666666667,0.2711246201,0.3200525394,0.3979310345,0.4130496454,0.3290105668
0.5854271357,0.4628180039,0.2691373026,0.3285214348,0.3928325293,0.411514464,0.3190110418
0.5854271357,0.4598825832,0.2746051033,0.3210848644,0.3931771192,0.4117980715,0.3331733077
0.5756097561,0.4477756286,0.2766726944,0.31897302,0.40459849,0.4241311105,0.3166586884
0.5849056604,0.4599236641,0.2976688583,0.3062283737,0.4228142077,0.386996904,0.3461354962
0.5887850467,0.4543726236,0.2932061979,0.2910189983,0.4287175989,0.3794266442,0.3622497617
0.5925925926,0.4479166667,0.2721330957,0.3094827586,0.4254087193,0.3993825428,0.3657142857
0.5944700461,0.443289225,0.2980997625,0.3212747631,0.4118447924,0.3849607183,0.3676820562
0.5995475113,0.3996247655,0.3021880544,0.3278969957,0.4195519348,0.3906468776,0.3600950119
0.6079295154,0.3599257885,0.2981220657,0.3475661827,0.4181879648,0.4107142857,0.3642823306
0.6113537118,0.3576709797,0.3122807018,0.3431372549,0.4044564483,0.4136490251,0.3566019877
0.5879828326,0.3669724771,0.3511939429,0.308411215,0.3986531987,0.4420350292,0.3564005668
0.5924369748,0.3563636364,0.3557358053,0.3299492386,0.4087248322,0.4317803661,0.3508482564
0.5854166667,0.3523550725,0.3518518519,0.3391047297,0.4142091153,0.4340354767,0.3451035782
0.6209677419,0.3473214286,0.3665521191,0.3225671141,0.4323333333,0.4547710976,0.3346622889
0.592445328,0.3563829787,0.3569388921,0.3118729097,0.4355053191,0.4640594877,0.3225655431
0.5846456693,0.3551236749,0.3467879477,0.3217863105,0.4432270916,0.4484748557,0.3180542563
0.5705996132,0.350262697,0.3841359773,0.3075644223,0.4450694904,0.456515775,0.3110125992
0.4877126654,0.3500866551,0.3916713562,0.3511166253,0.4591298616,0.451736396,0.3117729176
0.5046040516,0.3493150685,0.3758351893,0.3449835526,0.4803149606,0.4115886834,0.3346474954
0.481216458,0.3494077834,0.3694690265,0.3712183156,0.4644023514,0.4289587852,0.3187702265
0.4468085106,0.3569023569,0.3917355372,0.3450244698,0.4817470665,0.4324763194,0.3254847645
0.3830155979,0.391014975,0.4177145981,0.3503649635,0.4471122648,0.4505257482,0.3244362632
0.4203389831,0.3912685338,0.3677349267,0.3486682809,0.4495798319,0.4606288632,0.317117944
0.40625,0.4011345219,0.3734551316,0.3306645316,0.4698137444,0.4739374499,0.3220648698
0.4163987138,0.4033546326,0.3680555556,0.3386327504,0.4460408685,0.4474946695,0.3500909918
0.3987341772,0.4068471338,0.3653234358,0.3384920635,0.453125,0.4453000531,0.3386363636
0.399691358,0.411163522,0.3542105263,0.3406940063,0.453680203,0.4396825397,0.3453351449
0.4446107784,0.3730650155,0.375782881,0.3489827856,0.4530264817,0.4396733404,0.3302524797
0.4421669107,0.373088685,0.4066047472,0.3164852255,0.4542032622,0.442902043,0.3391734052
0.4765291607,0.3983433735,0.3808793456,0.3398919753,0.4217581047,0.4504692388,0.3575581395
0.5055401662,0.3930163447,0.3830542872,0.324137931,0.4386236826,0.4297585043,0.3472160356
0.5020188425,0.4035087719,0.3681318681,0.3392857143,0.444273399,0.4098402885,0.3636968085
0.5105263158,0.3867243867,0.4183622829,0.3739622642,0.4308022045,0.3802310655,0.3437086093
0.4732824427,0.4397163121,0.3859735164,0.3642483171,0.4273556231,0.3781576933,0.3706631533
0.4795539033,0.4274755927,0.394188862,0.3413639733,0.4414604707,0.4002534854,0.3567059851
0.4982078853,0.3967168263,0.4033492823,0.3517975055,0.4377618193,0.3811083123,0.3658271819
0.5110593714,0.3971962617,0.4009456265,0.3647912886,0.4159265838,0.3803204807,0.3823085221
0.5396825397,0.3852785146,0.3861940299,0.3715728716,0.4238488784,0.3943836978,0.3693035254
0.5522875817,0.3916990921,0.4219759926,0.3114754098,0.4482758621,0.3855659911,0.3606487409
0.5095948827,0.4040920716,0.4259090909,0.3129420085,0.4384436702,0.3830882353,0.3689464741
0.5605749487,0.3886107635,0.4192100539,0.321453529,0.426106958,0.3877799416,0.3646140869
0.5984015984,0.3754601227,0.4341463415,0.3351762267,0.4011396011,0.4041112455,0.3441558442
0.6042471042,0.3897590361,0.4168485378,0.3221614227,0.415819209,0.3809637977,0.3661532057
0.6235955056,0.3839811543,0.4006024096,0.3246709416,0.4161542761,0.3850178359,0.3740190004
0.5554553652,0.3927752294,0.4082665542,0.3314475874,0.430187638,0.3598306679,0.3773546274
0.5391986063,0.3824521935,0.4064193414,0.3417679921,0.4488791689,0.3545220846,0.3731464554
0.5345117845,0.3899889989,0.3619631902,0.3652286734,0.421579232,0.3654646325,0.3786779524
0.5506893755,0.3525296017,0.362685967,0.4124239513,0.4087747459,0.3660714286,0.3656537385
0.5365278869,0.3528481013,0.3537066246,0.4240506329,0.4322033898,0.3426177536,0.3646825397
0.5258358663,0.3270214944,0.3593325572,0.4379084967,0.4316640584,0.331090175,0.3723487824
0.5080645161,0.3223880597,0.3777184281,0.4303642485,0.4043701799,0.3489560195,0.35211815
0.5154494382,0.3070942663,0.3941660434,0.439795304,0.374555612,0.3484848485,0.3529411765
0.4833446635,0.3256924546,0.3589181287,0.4541393687,0.4079013588,0.327339688,0.3518518519
0.4798945287,0.3240223464,0.3502337289,0.4478311841,0.4222939424,0.3179575198,0.3299319728
0.4667931689,0.3327305606,0.3658107633,0.4354328444,0.4034701857,0.336650434,0.3432891544
0.4969437653,0.3134920635,0.3653581267,0.4193091733,0.3977820636,0.3442725753,0.337398374
0.4585537919,0.3411714408,0.3703077443,0.4308717379,0.3804219009,0.3454620633,0.3336373586
0.4530011325,0.3265391015,0.384184514,0.4258399344,0.385620915,0.3216029292,0.3274368231
0.4166666667,0.3218901454,0.3891226934,0.4422459893,0.3764921947,0.3150161031,0.3425266904
0.4425799685,0.2980314961,0.4122089364,0.4350683491,0.3447963801,0.3107947805,0.3307529909
0.4099597586,0.3267175573,0.4117285846,0.3948111996,0.3402839397,0.3141300117,0.3395703396
0.3773584906,0.3525286083,0.4176682692,0.3762600806,0.3530180867,0.3283410138,0.3286593707
0.3917858791,0.3257061137,0.4139643587,0.3682524033,0.325631151,0.3609433962,0.3351861209
0.4404283802,0.3483263598,0.3581833762,0.3880164291,0.3097791798,0.3288789903,0.3131229236
0.4478316874,0.2949494949,0.3481399223,0.3594415523,0.3400701176,0.3318132069,0.3164100884
0.4146441794,0.2861799218,0.3718783931,0.3403225806,0.3395883777,0.3036837376,0.3139871383
0.4251687177,0.2771807838,0.344400527,0.3502262443,0.3245440127,0.2955066079,0.3033333333
0.4322678843,0.3153869685,0.3317060637,0.3033980583,0.3290598291,0.2877685378,0.3083281347
0.3929351784,0.3212067436,0.3427358962,0.3068157386,0.3133308014,0.2786078098,0.3039816233
0.3807705658,0.3145620023,0.31699662,0.3384937238,0.2984438681,0.2616869073,0.2814002404
0.3846664454,0.3144188596,0.3264781491,0.2988786952,0.2658571946,0.2493907392,0.265516733
0.3665513989,0.3111227702,0.293134598,0.2825484765,0.2565278758,0.2687420584,0.2663679723
0.3628579864,0.2913425345,0.2618579235,0.2916426513,0.2310996564,0.2734047508,0.2571670668
0.3306892779,0.2757290913,0.3042836041,0.2569988802,0.2270976386,0.2508716083,0.236685572
0.3069131426,0.2565167243,0.2382406842,0.2512644509,0.2663954434,0.2483033343,0.1860465116
0.2765708947,0.236691597,0.2264596029,0.2432574431,0.242414665,0.2086393089,0.2116572656
0.2496771416,0.224,0.2174407583,0.2373626374,0.2155991419,0.2241548604,0.1798874824
0.2743729553,0.2111299915,0.213495997,0.2455782313,0.2265372168,0.2149190711,0.1834237241
0.2983959569,0.2111324376,0.2134938838,0.2408323384,0.2279752705,0.212159684,0.1831005393
0.3223508459,0.2024855367,0.2164394085,0.2443834677,0.2306737038,0.2106976086,0.1835529929
0.3388039568,0.207112069,0.2110853611,0.2445820433,0.2352299299,0.2127236581,0.1789373036
0.3567530696,0.2077640425,0.2103321033,0.2442946058,0.2386168049,0.2137056561,0.1819419856
0.3749426342,0.209941138,0.2059968847,0.2494350774,0.2359868111,0.2103384264,0.1878557875
0.393925342,0.2151341839,0.2033600313,0.2507853403,0.229846979,0.2146027201,0.1865621198
0.4222378607,0.2112211221,0.2024769019,0.2485549133,0.2343552465,0.207487401,0.1915636754
0.4405379896,0.2114703277,0.2039045553,0.2452565004,0.2351634402,0.2075934748,0.1930932545
0.4603972242,0.2119928667,0.2033730159,0.2403524229,0.2412860099,0.2056223736,0.1964285714
0.4838164251,0.2070356263,0.2064503285,0.2380361574,0.2440428594,0.2022945106,0.2014765101
0.504640938,0.2096483318,0.2054410882,0.2366969212,0.2442625582,0.2067356758,0.197902662
0.5240549828,0.211194199,0.2049477072,0.2338565822,0.2439691219,0.2056498829,0.2038456367
0.5427435388,0.2150341686,0.202580125,0.2341874216,0.2465266559,0.2083027725,0.2077502691
0.5635040161,0.2143020857,0.2079368293,0.2297029703,0.2498377677,0.2046456924,0.2092834975
0.5836724313,0.2185048454,0.2008121827,0.2320491952,0.2478034494,0.2109064112,0.2084968205
0.5989847716,0.2193488802,0.2034729316,0.229321267,0.2491439752,0.2070751924,0.2122195188
0.617114788,0.2247557003,0.2019724676,0.2282233133,0.253315867,0.2062146893,0.2116976523
0.6317016317,0.2277829747,0.2039934129,0.2278781244,0.2537362457,0.2081535486,0.212216025
0.647566719,0.2291960508,0.2012018235,0.2347555393,0.2519788918,0.2110379898,0.2093276967
0.6633324559,0.2339222615,0.2013715711,0.2316737094,0.2537140971,0.2112676056,0.2113254001
0.6782283885,0.2433460076,0.2012131353,0.2274488102,0.2556827609,0.2099322799,0.2179399259
0.6932581252,0.249343832,0.2017176372,0.2267754497,0.255829447,0.2151250377,0.2154163799
0.7046321526,0.2624130487,0.2012658228,0.226292302,0.2543449198,0.21660103,0.2119205298
0.7148726376,0.2728368282,0.2048346056,0.2222015273,0.2549413735,0.214491873,0.218586026
0.7310901001,0.2824927255,0.2015684612,0.2230985915,0.2578743473,0.2134831461,0.2171016102
0.7420346562,0.2931034483,0.2008519702,0.215520481,0.2628475147,0.2156922607,0.2171070932
0.7514893617,0.3104799216,0.2002139037,0.2100491122,0.2660006773,0.217064951,0.2158012284
0.7619319806,0.3224218558,0.1990979381,0.2065238005,0.2679904956,0.2240956468,0.2122271964
0.7687894435,0.3340746232,0.2004742401,0.2040622627,0.2654173765,0.2252501925,0.2093903294
0.7736506094,0.3540942928,0.1974453345,0.2041205647,0.2635354398,0.2186197314,0.2170182841
0.7797305214,0.3690654673,0.2013043478,0.2028708134,0.2602810144,0.22139765,0.2199661591
0.7853557721,0.3856963614,0.1989071038,0.2021133525,0.2599724897,0.224378882,0.2195225314
0.7900536033,0.4015648662,0.2023235423,0.1971450617,0.2617322291,0.2218414083,0.2178414409
0.7927305497,0.4201424212,0.2023337737,0.2072106997,0.2513860014,0.2272017489,0.2124359704
0.7965641953,0.4327977557,0.2063386525,0.2062536415,0.2498266297,0.2300815558,0.2119271278
0.8004836759,0.4457800512,0.2087863324,0.2060771328,0.2487821851,0.2330768023,0.2062267923
0.8054020872,0.4673211057,0.2090949621,0.2062218744,0.2482071016,0.2253898252,0.2075931232
0.8110114445,0.4820965231,0.2116722783,0.1990985695,0.2519698827,0.2271073857,0.2078853047
0.8107687519,0.4990868771,0.2079030085,0.2051282051,0.2498240676,0.2257043368,0.2115578614
0.8143486469,0.5153422502,0.2126126126,0.2024564184,0.2482357092,0.2259036145,0.2121781892
0.8206263841,0.5292413066,0.21237534,0.2020602219,0.2481442206,0.2279247689,0.2094838803
0.8245054244,0.550955414,0.2079726651,0.2038699382,0.2468062456,0.2304992822,0.2120772246
0.828525641,0.5645118383,0.2098030234,0.2021170361,0.2476427682,0.2283009787,0.2147114406
0.8305905131,0.5826413073,0.2089277497,0.2060533173,0.2418230563,0.2278867803,0.2183355196
0.8345253576,0.6,0.2097740894,0.2033420576,0.2417996057,0.2359568646,0.2093261219
0.8382881411,0.6136179411,0.2110027855,0.2005649718,0.242816092,0.235969594,0.2113892549
0.8403693931,0.6316648531,0.2113821138,0.2020735922,0.2397186147,0.2388349515,0.2136865342
0.8444960212,0.6442806443,0.21229834,0.2026037429,0.2386117137,0.2406051733,0.2120676968
0.8412645591,0.6577863224,0.2146033232,0.2027772105,0.2384922073,0.2379248658,0.2147601476
0.8425275827,0.6702449766,0.2155660377,0.2034383954,0.2390039985,0.2376821084,0.213895048
0.8445718139,0.6853185596,0.2192753966,0.20325036,0.2392335766,0.2397507379,0.2090504451
0.8464673913,0.6979921919,0.2228815571,0.2047520661,0.2353372434,0.24260841,0.2073225182
0.847463398,0.7091722595,0.2271752086,0.2067894846,0.2311502477,0.2424641739,0.2089107436
0.848630137,0.7231590781,0.2321855571,0.2052401747,0.2309817646,0.2441802873,0.2117541498
0.8505866115,0.7321277197,0.2393757503,0.2060542797,0.2330868762,0.2429210134,0.2152069586
0.8525329632,0.7413303013,0.2479498312,0.206983065,0.2304557243,0.2450947788,0.2128809488
0.8532589753,0.7534285714,0.2544220984,0.203102075,0.2316982534,0.2431803061,0.2185619735
0.8535388928,0.7634593356,0.2585199611,0.206142196,0.2290346627,0.2447751212,0.2185190771
0.8528995757,0.7664653437,0.271331058,0.2041032149,0.2277653214,0.2485781198,0.2151400454
0.8488289567,0.7791944364,0.2804907975,0.2035548032,0.2267616192,0.2509671993,0.2150537634
0.8489825062,0.7881873727,0.2895125554,0.2027659574,0.2267944382,0.250882798,0.2181376272
0.8493738819,0.7951702066,0.2973977695,0.2007229428,0.226571321,0.25,0.2188117307
0.8503425893,0.8015849721,0.3105835806,0.2030848329,0.2218016654,0.2511415525,0.219217843
0.8512727273,0.8094534712,0.322172619,0.2007746934,0.2197113559,0.2519032313,0.2201624023
0.8506208912,0.8157349896,0.3321695761,0.2016372253,0.2162932017,0.2536502547,0.2184912603
0.8523809524,0.8216939079,0.3401547292,0.2070084361,0.2161388783,0.2495752633,0.2228202368
0.8528650647,0.8269288055,0.3534743202,0.2026030369,0.2160871227,0.2492307692,0.224807396
0.8538490145,0.8327338129,0.3650753769,0.2032272133,0.2142720123,0.2502560601,0.2244045778
0.854640328,0.8309731847,0.3803603146,0.1985614647,0.2152190623,0.2505147563,0.2254174397
0.8555888972,0.8359067514,0.3903797468,0.1998683633,0.2139552814,0.2527416038,0.2257914339
0.8578967207,0.8388956311,0.4030612245,0.2013614405,0.2141062802,0.2518556879,0.2236555797
0.8588770865,0.8417354109,0.4163265306,0.2010582011,0.2138975155,0.2482758621,0.2280236908
0.8607305936,0.8426691154,0.4291967044,0.200660793,0.2136752137,0.2480916031,0.2289719626
0.8621745789,0.844375963,0.4412217659,0.2029274784,0.2127825409,0.2461937716,0.2307451472
0.8664620107,0.845205057,0.4510869565,0.2033296337,0.2112456072,0.2468233246,0.2307330827
0.8670274449,0.8467266522,0.4670643154,0.2012032086,0.2097216778,0.2539654872,0.2250667504
0.867807154,0.848804719,0.4793948878,0.2036623493,0.2066666667,0.2534989503,0.2252989301
0.8722157093,0.8496711557,0.4905022118,0.2042143017,0.2062647754,0.2543675751,0.2272870662
0.8729846638,0.8471698113,0.5064253868,0.2014824798,0.2091967634,0.2509218613,0.2319962097
0.8709550118,0.851572327,0.5144889357,0.2053591533,0.2059288538,0.2528228652,0.2311343142
0.8737594283,0.8524020228,0.526246373,0.207239819,0.2077716098,0.2500440839,0.2287301587
0.8763462306,0.8545224541,0.5365011946,0.2067405564,0.2108290361,0.2454400567,0.2318679575
0.8793103448,0.85664,0.5516967126,0.2038680319,0.2124900239,0.2445584852,0.2323505976
0.8797748291,0.8575544174,0.5632337247,0.2048769371,0.2081836327,0.2477813277,0.2319094676
0.8826139572,0.8580603725,0.5716190984,0.2059025395,0.2098518222,0.2464901368,0.23344
0.8866314506,0.8588462778,0.584966443,0.2057811425,0.2103572862,0.2427755976,0.234690606
0.889025389,0.8602917342,0.5968825585,0.2061736927,0.2133360193,0.2386647626,0.236977492
0.8905349794,0.8628088427,0.6057173679,0.2084870849,0.209039548,0.2423483086,0.2356821107
0.8946935418,0.8559322034,0.6161780673,0.2099078341,0.2084342211,0.2408339324,0.2443729904
0.8915662651,0.861695138,0.6295793758,0.2084107807,0.2097887896,0.2394897593,0.2451884199
0.8941225511,0.8630091984,0.637704918,0.2102695167,0.211413485,0.2368040492,0.2459573092
0.8966820664,0.8634259259,0.649726776,0.2114845938,0.211867863,0.2368231047,0.2472420506
0.8985263158,0.8662041625,0.6552957359,0.2140023337,0.2103117995,0.2417044424,0.2437956204
0.9012293345,0.8671352075,0.6662087912,0.2163811312,0.2132895816,0.2420785805,0.2405537459
0.8985138004,0.8691870191,0.675862069,0.2173810645,0.2142563681,0.2420995278,0.2395102041
0.9014084507,0.8710649699,0.6833056018,0.2194719472,0.2153719688,0.2400073006,0.2428944789
0.9050687285,0.871043771,0.6915602443,0.2238523426,0.2155083522,0.2400583729,0.2399279397
0.900605013,0.875168691,0.702490904,0.227014218,0.2142857143,0.2441305943,0.2363934426
0.9029883066,0.8768288534,0.7044692737,0.2316290131,0.2112033195,0.2412087912,0.2406311637
0.9042645779,0.8775162061,0.713965855,0.2335001191,0.2108321228,0.2401098901,0.2434167215
0.906824147,0.8809034908,0.7207003671,0.2367415194,0.2087065195,0.2425751706,0.2451368282
0.9101717305,0.8827775868,0.7259343148,0.2431071685,0.2090643275,0.2422394678,0.2429350521
0.9120247569,0.8810344828,0.7325021252,0.2492196879,0.2089958159,0.2386595075,0.2463600265
0.9145146928,0.8789875173,0.7431166619,0.2553037608,0.2094878254,0.2356098464,0.2461844725
0.9164805717,0.8790097629,0.7532133676,0.2563421116,0.2054679285,0.2407201188,0.2475083056
0.9170403587,0.8790097629,0.759919494,0.261720638,0.2072451559,0.2385218365,0.2485875706
0.9152771519,0.8849929874,0.7623138603,0.267526777,0.2083685545,0.2330603127,0.2538410154
0.9162895928,0.8881486676,0.7664359862,0.2731256086,0.2049873204,0.23223635,0.2543420174
0.9147005445,0.8869320183,0.7701809825,0.2782799902,0.2050466497,0.2333831217,0.2507952453
0.9149908592,0.8859369465,0.7775527914,0.2877081293,0.2042553191,0.2349081365,0.2530181087
0.9191042048,0.8874689386,0.781358885,0.2908600833,0.1994890356,0.2358029334,0.2567930225
0.9198717949,0.8855314611,0.7898275358,0.2950980392,0.2014480409,0.2373680241,0.2518456376
0.9192431934,0.887379335,0.7931638913,0.3041656396,0.203893881,0.2303773585,0.2553478188
0.9204651163,0.8891678623,0.7979441997,0.3123145401,0.1996572408,0.2346590909,0.2567521945
0.9206945096,0.8900108186,0.8045334118,0.3196823033,0.2018486672,0.2310462472,0.2577424268
0.9229323308,0.8910604415,0.8094534712,0.3249689441,0.2026706871,0.2293647775,0.2602438198
0.9223852343,0.8939504373,0.8127031019,0.3336658354,0.2044963251,0.2231718898,0.2638370119
0.9227836034,0.894255397,0.8142984278,0.3454499875,0.2046834345,0.2219047619,0.2593286761
0.9221585482,0.8879911862,0.8211624441,0.3523809524,0.2012168622,0.2204393505,0.261714091
0.9233365477,0.8928571429,0.8224550898,0.3604124748,0.203002611,0.2209235486,0.2576844262
0.9250120948,0.8947951274,0.82421875,0.369203629,0.2028764437,0.2181259601,0.2587209302
0.9248046875,0.8959494612,0.830075188,0.3781661601,0.2008313279,0.218443804,0.2590940288
0.9252564729,0.8953662182,0.8338870432,0.3867781155,0.2020157756,0.2186297152,0.2620109815
0.9254170756,0.8953662182,0.8360157911,0.3944162437,0.2052238806,0.2173240526,0.260137457
0.9268051434,0.8969924812,0.8391990291,0.4017857143,0.2068281938,0.2167278347,0.2555613037
0.9284294235,0.8985671192,0.8400122362,0.4157303371,0.2010150044,0.2187257187,0.2577639752
0.9278557114,0.9001897533,0.8413520097,0.4221479959,0.2033222591,0.2176607281,0.2538115038
0.9265593561,0.9015209125,0.8426380368,0.4331963001,0.206606074,0.2188715953,0.2496534997
0.9210261569,0.9003816794,0.8430107527,0.4400205497,0.206743567,0.2166212534,0.2527720028
0.9212121212,0.9003816794,0.8443206438,0.4489060489,0.2111111111,0.2154177265,0.2486120749
0.9266428935,0.8998459168,0.8465821219,0.4610002591,0.2062109026,0.2213964404,0.2446419237
0.9297435897,0.8979198767,0.849003736,0.4689852063,0.2091152815,0.2211311862,0.2447235304
0.9268041237,0.9031007752,0.8481837939,0.4775808133,0.2080717489,0.2215251911,0.2465010497
0.9223602484,0.9065166796,0.8495630462,0.4869655892,0.2083894123,0.2210857592,0.2463261022
0.9183567343,0.9117876659,0.8522584693,0.4980402404,0.2042744657,0.2180347277,0.2495181356
0.9183567343,0.911971831,0.8546255507,0.5039267016,0.2071686204,0.2197584637,0.2459649123
0.9181961196,0.9137795276,0.8543964702,0.5149842271,0.2085972851,0.2196714823,0.2443701619
0.9184210526,0.9145669291,0.855513308,0.5223449001,0.2092760181,0.2198173153,0.2443701619
0.9190047644,0.9100633914,0.8565107459,0.5306553911,0.2039055404,0.223037272,0.2418785311
0.9184,0.9123505976,0.8585025381,0.5432131495,0.1997722096,0.2235691574,0.2407997169
0.9175588865,0.9138412445,0.8601085915,0.5513126492,0.2010027347,0.2260574621,0.241507431
0.9166666667,0.9158615137,0.8617291799,0.5576564581,0.2012808783,0.2263775612,0.2420156139
0.9168466523,0.9198872786,0.858974359,0.5671641791,0.2023809524,0.224,0.2423650568
0.9173014146,0.9176090468,0.8626126126,0.5784681307,0.2017906336,0.2219326383,0.2429640185
0.9176213857,0.9178137652,0.8647686833,0.5859667916,0.1993103448,0.2259557344,0.242073388
0.9148351648,0.9219512195,0.8662564767,0.5933297472,0.2032258065,0.2230273752,0.2400857449
0.9145063431,0.9231707317,0.8663849155,0.5995694295,0.2048387097,0.2211460856,0.2401715511
0.914870094,0.9255319149,0.866710013,0.6067961165,0.203746531,0.2225585149,0.2414101646
0.9151414309,0.9245982695,0.863961039,0.6154678204,0.2035234121,0.2237903226,0.2418429545
0.9156424581,0.9256198347,0.8644400786,0.6256104178,0.2052533705,0.2182813133,0.2459575997
0.9164798206,0.920661157,0.8712121212,0.6313789359,0.2058139535,0.2229234528,0.2395758447
0.9175141243,0.9213810316,0.8712121212,0.6399345336,0.2091503268,0.2219283971,0.2412549585
0.91898017,0.9205490849,0.8720238095,0.6459356247,0.2100840336,0.2219049561,0.2376487559
0.9142367067,0.9257095159,0.8737541528,0.654162103,0.2114125351,0.2198813663,0.2402386117
0.9161882893,0.9271272115,0.8731368003,0.6620841353,0.2122708039,0.2173469388,0.2358593183
0.9139722864,0.9312816189,0.874083944,0.6669416942,0.214957667,0.217373489,0.2380348078
0.9141210375,0.9289340102,0.8755852843,0.6752066116,0.2150259067,0.2125693161,0.2430127042
0.9136231884,0.9361158433,0.874624875,0.6781959048,0.2183065279,0.2090163934,0.2456300073
0.9051222352,0.933560477,0.8768042967,0.6853030722,0.2192526017,0.2114038699,0.2407137655
0.9136310223,0.9282051282,0.8780817291,0.6936961955,0.2225118483,0.2119396819,0.2390074804
0.9066745422,0.935483871,0.8793918919,0.6986072423,0.225921522,0.2092975207,0.2380255941
0.9038575668,0.9374730487,0.8802030457,0.705389556,0.2281495594,0.2093071355,0.2360373558
0.9075730471,0.9343979284,0.880571623,0.7106953365,0.2311174649,0.2075119319,0.2422633217
0.8992248062,0.9419410745,0.8812521266,0.7143256074,0.2316491897,0.2077194439,0.2380952381
0.8982035928,0.9442022668,0.8821927137,0.7207080641,0.2350263536,0.2080132863,0.2388306674
0.8990936556,0.9452714536,0.8824134385,0.7280924204,0.2401536984,0.2063789869,0.2406042741
0.899026764,0.945709282,0.8831437435,0.7325056433,0.2442363112,0.207278812,0.2396755162
0.8979217604,0.9475308642,0.8838731909,0.7372593431,0.25,0.2078628189,0.2374353289
0.898034398,0.942680776,0.8834482759,0.7406356413,0.2531340405,0.2075313808,0.2361213916
0.8992583436,0.9498669033,0.8804987877,0.7454493743,0.2568940493,0.2047409272,0.238324685
0.8895781638,0.954787234,0.8821478382,0.75,0.2601547389,0.2053496209,0.2381393625
0.8940149626,0.9547693686,0.881332408,0.7548571429,0.2633624879,0.2068458631,0.2392193309
0.89160401,0.9564631957,0.8813855843,0.760882016,0.2697176241,0.1996623048,0.2446016381
0.8929242329,0.9564631957,0.8814035088,0.7640320733,0.2699610516,0.2010582011,0.2447877885
0.8842039018,0.9627133872,0.8819175185,0.7681948424,0.2737457379,0.2011871953,0.24283054
0.8835136856,0.9677858439,0.8825396825,0.7732910297,0.2818315377,0.2008483563,0.2397606134
0.8829923274,0.9677858439,0.8828956707,0.7776816609,0.2855044074,0.2009365688,0.236724009
0.8828425096,0.9614337568,0.8876244666,0.7813402657,0.2884427032,0.1986359761,0.2407338076
0.8826563507,0.9592304169,0.8874734607,0.7849056604,0.2955943884,0.1963450914,0.2405633803
0.8826563507,0.9590239411,0.8877081119,0.7884503772,0.2977832512,0.199829932,0.2369953052
0.8807517822,0.9636279926,0.8849177984,0.7925516439,0.3030602172,0.2002992732,0.2352830544
0.8805483029,0.966728281,0.8853342919,0.7960910152,0.3100890208,0.1962676963,0.2368123587
0.8795260039,0.9697392924,0.8850987433,0.8004103165,0.3170307845,0.1965702036,0.2311035525
0.8786472149,0.9697392924,0.8846846847,0.8046415981,0.3214995035,0.1976369495,0.2325889478
0.8797342193,0.9635854342,0.8899348298,0.8085731063,0.3244654401,0.1984058595,0.2275822928
0.8786863271,0.9681050657,0.8874052689,0.8116883117,0.3305084746,0.1990969684,0.2262718299
0.8754186202,0.9713211095,0.888165038,0.8132192387,0.3336660844,0.1972862373,0.2294553046
0.8733153639,0.9749171794,0.8889292196,0.8150887574,0.3405905906,0.1954692557,0.230418251
0.8722972973,0.9739089184,0.8849525201,0.8179122183,0.3455366098,0.1994369857,0.227341965
0.8743206522,0.9742857143,0.8894582723,0.8180737218,0.3497487437,0.2007805724,0.2212051869
0.866894198,0.9804015296,0.8903958944,0.8215137068,0.3529707956,0.2013888889,0.2167685256
0.8648834019,0.9813575526,0.8880706922,0.8251789976,0.3587613293,0.2032201915,0.2180810398
0.8645116919,0.9823135755,0.8907749077,0.8239331543,0.361530715,0.2019607843,0.2150640413
0.8647711512,0.9836381136,0.8930957684,0.8282465589,0.3691258211,0.1993878443,0.2223286097
0.8623340321,0.9840425532,0.8951463505,0.8288721805,0.3774062817,0.1987333479,0.2211335255
0.8655462185,0.9844810863,0.8994060876,0.8267148014,0.3817858955,0.2028858767,0.2173328209
0.8656821378,0.9859700048,0.8979820628,0.8291215403,0.3866227515,0.2030289728,0.2173328209
0.8658707865,0.9854227405,0.9001495886,0.8293196869,0.3905535805,0.2037768994,0.2139561707
0.8649222065,0.9857563851,0.9014557671,0.829142684,0.3973442288,0.2053081816,0.2148648649
0.8641536273,0.9857563851,0.896953742,0.8370190851,0.4021961185,0.2059925094,0.2138996139
0.8640915594,0.9886587771,0.8971644612,0.8380923451,0.4109518936,0.2015469613,0.2151972158
0.8636363636,0.9885685885,0.9004524887,0.8400976503,0.4167523124,0.2018976169,0.2160170642
0.8697234352,0.9840954274,0.9000757002,0.8449541284,0.420606372,0.2032286599,0.2157281553
0.871813547,0.9770916335,0.9043643264,0.8449066993,0.4254115226,0.2031007752,0.2144105652
0.8636363636,0.9830845771,0.9042350248,0.8478726661,0.4285347044,0.2054642381,0.2145355616
0.8620689655,0.9845463609,0.9053435115,0.8472604836,0.4325784869,0.2055555556,0.2135224403
0.8727005151,0.9779116466,0.9055238095,0.847405588,0.4362086777,0.2084350721,0.2149114269
0.8716617211,0.9797160243,0.9068251534,0.8486252703,0.4509345794,0.2061051693,0.2134062927
0.8708955224,0.9796954315,0.9066358025,0.8503863988,0.4561038961,0.2083612788,0.2117716074
0.8716216216,0.9764826176,0.9096501346,0.8500465694,0.4642857143,0.2079428826,0.2131372549
0.8709433962,0.9764826176,0.9090205188,0.8515988823,0.4700208551,0.2092293907,0.2143137255
0.84738041,0.9923312883,0.9100426522,0.8522090853,0.4744525547,0.2099125364,0.2133883
0.8534351145,0.9917864476,0.9108949416,0.8537574057,0.4804075235,0.2062457875,0.2145104208
0.856595092,0.9876160991,0.9125,0.8548236029,0.4874279728,0.2028822337,0.2180243998
0.8570324575,0.9870600414,0.9129925868,0.8554858934,0.4942287513,0.202520252,0.2172026041
0.8569218871,0.9895941727,0.9109722765,0.8553498588,0.5010520779,0.2037370554,0.2167390446
0.8568093385,0.9869519833,0.9126671912,0.8578616352,0.5079030558,0.2067405564,0.2150197628
0.8572542902,0.9890167364,0.9120662461,0.8595717884,0.5121308017,0.2062952899,0.2142009494
0.8487460815,0.9926315789,0.9139150943,0.8577749684,0.5158730159,0.2066003617,0.2149088025
0.8525236593,0.9915433404,0.9162055336,0.858365019,0.525980912,0.2006802721,0.2210087371
0.8546465449,0.9894291755,0.916500994,0.8595434369,0.5318133616,0.2013651877,0.2210965435
0.8562300319,0.9878306878,0.917562724,0.8611817027,0.5339522546,0.2035519126,0.2202108613
0.8563402889,0.9856230032,0.9194256083,0.8621896881,0.5409792443,0.2035095716,0.2210714997
0.8536782538,0.986673774,0.9194256083,0.8630705394,0.547657082,0.203053783,0.2194732642
0.8665048544,0.9786096257,0.9221556886,0.8623882503,0.5496,0.2047423621,0.2151267212
0.8615384615,0.9823245849,0.922,0.8633024593,0.5524419536,0.2049760329,0.2161676647
0.8700243704,0.9763186222,0.9214659686,0.8648735191,0.5604601391,0.2064619615,0.2129148341
0.8640065147,0.9806138934,0.922392886,0.865470852,0.5650428266,0.2064293915,0.2141571686
0.8614754098,0.9864572048,0.9173754557,0.8675666988,0.5703166935,0.2048746838,0.2136272545
0.8604459125,0.9869281046,0.9185245237,0.8661722025,0.5791173305,0.2045088567,0.2136546185
0.8612956811,0.9825517993,0.9221678892,0.868667312,0.5818524502,0.2069681587,0.2126933119
0.8471177945,0.9906593407,0.9237322515,0.868719611,0.5889189189,0.2071346375,0.2140986908
0.8501683502,0.9911991199,0.9216326531,0.8715536815,0.5935640887,0.2078042023,0.2140266022
0.8497890295,0.9911991199,0.9214723926,0.8714285714,0.5981611682,0.2071197411,0.2149626941
0.8475298126,0.9933774834,0.9236453202,0.8723127036,0.605092091,0.206624971,0.2178217822
0.8479931682,0.9889135255,0.9268693509,0.8725138572,0.6099348534,0.2076477404,0.2183582693
0.8476027397,0.9921962096,0.9239669421,0.873488068,0.6173108329,0.2087886538,0.2166869178
0.8482758621,0.9960806271,0.920115894,0.8754506719,0.6227495908,0.2096811729,0.215821501
0.8480902778,0.9870786517,0.9207139892,0.875862069,0.6292349727,0.2095571096,0.2166937449
0.8450826806,0.9887640449,0.9216666667,0.8754927727,0.6322404372,0.2112643141,0.2177091795
0.8484320557,0.9876265467,0.9248747913,0.8757804798,0.6339529798,0.2104770814,0.2179565306
0.8479789104,0.9818799547,0.9321892005,0.8772682283,0.6407021393,0.2108222066,0.2178782325
0.8486725664,0.9869020501,0.9288107203,0.8768619662,0.6479647965,0.2113402062,0.2201591512
0.8492417484,0.9857468643,0.9294117647,0.8779840849,0.6532746285,0.2123914574,0.2185903984
0.8494623656,0.9851767389,0.9292929293,0.8791500664,0.6557512383,0.2132957482,0.218973625
0.8422939068,0.9902968037,0.9295655841,0.8788180611,0.6577643172,0.2137817498,0.218973625
0.8391734052,0.9925544101,0.9295655841,0.8806912596,0.6605074462,0.2142521167,0.2213584288
0.8392370572,0.991359447,0.9299282398,0.8808013356,0.6678650442,0.216,0.2219942552
0.8392370572,0.9912993039,0.9296311997,0.8765473402,0.6756381798,0.2155660377,0.2179539852
0.8382084095,0.9912689173,0.9344401873,0.8765928907,0.6795441912,0.2158902814,0.2184286302
0.8388581952,0.9900932401,0.9340471092,0.8771812081,0.6827030033,0.2196915777,0.2164609053
0.8376623377,0.9900234742,0.9358426005,0.878032345,0.6877790179,0.222380275,0.2192656766
0.8366013072,0.99,0.9356223176,0.8785425101,0.6924581006,0.2244655582,0.2194467382
0.8342696629,0.9911660777,0.9380111924,0.8801889976,0.6945220794,0.225737393,0.2189178026
0.8341143393,0.9911660777,0.9382822615,0.8798109386,0.6975964226,0.2258218199,0.217310473
0.8349056604,0.9899882214,0.9382289417,0.8832882273,0.6978759083,0.2271210677,0.2167528438
0.8338081671,0.9899049881,0.9386609071,0.8843675822,0.7025813692,0.2318875119,0.2135459818
0.8357211079,0.9881235154,0.9386609071,0.8841318383,0.705667789,0.2326024786,0.2138116964
0.8347742555,0.9880952381,0.9410489814,0.8825331971,0.7056179775,0.2347182426,0.2140780731
0.833011583,0.9886091127,0.9494553377,0.8797814208,0.7108229989,0.2371257485,0.2129783694
0.8323643411,0.9885542169,0.9491896627,0.8813269494,0.713559322,0.2406918088,0.212531224
0.8312195122,0.9885126965,0.9499780606,0.8834818369,0.7161856254,0.2435681654,0.2105043768
0.8312070658,0.9878345499,0.9500438212,0.8834250344,0.7202043133,0.2472369053,0.2119883041
0.8321816387,0.9866180049,0.9453744493,0.8878954608,0.7230419977,0.2503614458,0.2096908939
0.831027668,0.9872262774,0.9487632509,0.8854883081,0.72446084,0.2519913106,0.2132414369
0.8301886792,0.9871794872,0.9517271922,0.8845623708,0.7285389426,0.2522957951,0.2135089921
0.8288288288,0.9870848708,0.9561364643,0.8851211073,0.732173417,0.2562243171,0.2106918239
0.8277945619,0.987037037,0.9569653949,0.8845353675,0.7365714286,0.259313014,0.2128463476
0.8308004053,0.9851851852,0.9567736185,0.8799861256,0.7391428571,0.2616391853,0.210791518
0.8318042813,0.9839506173,0.9567736185,0.8800834202,0.7411428571,0.2630940834,0.2085347908
0.8335035751,0.9825436409,0.9570277529,0.8807531381,0.7451205511,0.2683519689,0.2085088458
0.8345250255,0.9825436409,0.9573608618,0.8831938633,0.7442594719,0.270691334,0.2082982308
0.8360824742,0.9811794228,0.9587073609,0.8855843247,0.7475532527,0.273369036,0.2095821022
0.8350622407,0.9811083123,0.9591194969,0.8860448808,0.7540369089,0.2737457379,0.2083685545
0.8340292276,0.9810366625,0.9598194131,0.8889669712,0.757654535,0.2752136752,0.2079983072
0.8329831933,0.9810126582,0.9627949183,0.8867791842,0.7598265896,0.2793829579,0.2063928874
0.8352692714,0.979721166,0.9626763769,0.8870513723,0.7625795257,0.2820701496,0.2049978823
0.8343949045,0.9795918367,0.9636693915,0.8866525424,0.7665313225,0.285644292,0.2052207131
0.833511206,0.9795396419,0.9649681529,0.8871994342,0.768873403,0.28911231,0.2045454545
0.8369098712,0.9776214834,0.9616087751,0.8903818953,0.7729384437,0.2903146509,0.2034834325
0.8144552319,0.9904092072,0.96023766,0.8916046759,0.7743902439,0.2915437561,0.2028492452
0.816017316,0.9891304348,0.9583714547,0.8932624113,0.7758420441,0.2934087555,0.2021276596
0.816017316,0.9891304348,0.959651536,0.8932624113,0.7761324042,0.295247476,0.2014893617
0.8170995671,0.988372093,0.9594843462,0.8929587482,0.7803383897,0.2993583416,0.2033248082
0.8155021834,0.9883116883,0.9625693161,0.8933666191,0.781871345,0.3034124629,0.202177626
0.8136714443,0.9869451697,0.9643022717,0.8948497854,0.7872215709,0.3083973247,0.2010265184
0.8162583519,0.9868766404,0.9637377964,0.8945480631,0.7911280846,0.3145621434,0.2017994859
0.817264574,0.9796320631,0.9682687821,0.8944723618,0.7939447384,0.3181705195,0.2014573511
0.817361894,0.9762219287,0.9715617716,0.8891288697,0.7961107837,0.3214906832,0.2020180335
0.8163265306,0.975464191,0.9729477612,0.8896103896,0.7984061393,0.3235586481,0.2029234738
0.8175598632,0.974137931,0.9728209934,0.88997114,0.800472255,0.3263577479,0.2029234738
0.8082191781,0.9801061008,0.9732268671,0.8903318903,0.8010625738,0.3280119731,0.2027085125
0.8073394495,0.9800266312,0.972693032,0.89194073,0.8048492017,0.3290886392,0.2008179079
0.8062283737,0.9799732977,0.9768431002,0.8921071687,0.8052101835,0.3332499375,0.199741435
0.8064889919,0.979305741,0.9768431002,0.8919506889,0.8058022499,0.3357518139,0.1981884839
0.7951105937,0.9852744311,0.9768102224,0.8917544497,0.8076467101,0.3361723447,0.2013813943
0.7929824561,0.9858108108,0.9724334601,0.8954081633,0.8133928571,0.3391064257,0.2048010381
0.7922535211,0.9857723577,0.9766888677,0.8937956204,0.8149582837,0.3405323958,0.2054112554
0.793594306,0.9836512262,0.9785407725,0.8890922401,0.8166069295,0.3467437767,0.2040329575
0.7931034483,0.9836289222,0.9784997611,0.8886446886,0.8182904961,0.3486030707,0.2043383948
0.7926102503,0.9836065574,0.9784688995,0.887829912,0.8208732057,0.3503778338,0.2046440972
0.7930204573,0.9828296703,0.9784688995,0.8875,0.8225419664,0.3556675063,0.2060869565
0.794653706,0.9813535912,0.9783861671,0.8871681416,0.8248197115,0.3626956083,0.2040505226
0.7980416157,0.978531856,0.9821256039,0.8881093058,0.8249097473,0.3678481013,0.2024847428
0.8019680197,0.9757617729,0.981086324,0.8888478582,0.8264139591,0.3711314054,0.2016129032
0.8059332509,0.9735744089,0.982064954,0.8886010363,0.8285111513,0.3738270353,0.2012221737
0.8062111801,0.9727272727,0.9830672472,0.8916109874,0.8277945619,0.3772485432,0.2011368605
0.8064918851,0.9726890756,0.9883608147,0.8907875186,0.8255743652,0.3812785388,0.2025371829
0.8105395232,0.9698879552,0.988315482,0.8948736999,0.8240628779,0.3795119471,0.2029746282
0.7924050633,0.9788135593,0.9882697947,0.8932835821,0.8264563107,0.3897096281,0.2048245614
0.7913486005,0.9787234043,0.9882295243,0.8937920718,0.8294832827,0.39270222,0.2066315327
0.7908163265,0.9786931818,0.9886922321,0.8929640719,0.8345498783,0.3942258559,0.2038664323
0.7883870968,0.9785714286,0.9916007905,0.896021021,0.8375,0.3977971311,0.2026848592
0.789336801,0.9770444763,0.9915883226,0.8957863055,0.8372021991,0.4042553191,0.2027324813
0.7916120577,0.9755043228,0.9920713578,0.8955505279,0.8384332925,0.4094407388,0.2027802295
0.7907894737,0.9754689755,0.9920595533,0.8973584906,0.8386405389,0.4110397946,0.2033112583
0.790237467,0.9754689755,0.9925373134,0.8977358491,0.8383343539,0.4141388175,0.2041942605
0.7944297082,0.9725433526,0.9930209372,0.8972809668,0.8400735294,0.4181677818,0.2051678445
0.7949400799,0.9724637681,0.9930209372,0.8993948563,0.8352760736,0.4199691199,0.2053492485
0.7967914439,0.9708879185,0.9930313589,0.893479909,0.8395820529,0.4242735922,0.2047366091
0.7954239569,0.9707602339,0.993006993,0.9027355623,0.8325123153,0.4312210201,0.2023492908
0.7940379404,0.9706744868,0.9954819277,0.904870624,0.8338471023,0.4356921488,0.1994232476
0.7959183673,0.9692082111,0.9954682779,0.898021309,0.8397040691,0.4381789964,0.2000887311
0.8019125683,0.9677419355,0.9954545455,0.9029680365,0.8369297164,0.4404145078,0.2005323869
0.8071625344,0.9652366864,0.9954407295,0.9032874618,0.8369430693,0.4488842761,0.2037366548
0.8055555556,0.9650297619,0.9954314721,0.8968558282,0.844292804,0.4524675325,0.2061051693
0.8067226891,0.9633781764,0.9959328927,0.8985395849,0.843380982,0.4580192358,0.2052655065
0.8064971751,0.9624624625,0.9959266802,0.9002311248,0.8437110834,0.4633194589,0.2062109026
0.8064971751,0.9624624625,0.9959204488,0.9010015408,0.8446450809,0.4631606353,0.2068811439
0.8051209104,0.9623493976,0.9959100204,0.9020061728,0.8478802993,0.4655891554,0.2072898032
0.8040057225,0.9622356495,0.9984599589,0.9041731066,0.847690387,0.4691745037,0.205908684
0.8023088023,0.9620637329,0.9969119918,0.905112316,0.8527204503,0.4710959979,0.2055132228
0.8034934498,0.9611280488,0.9927835052,0.9083850932,0.8533834586,0.4764397906,0.2060143627
0.8049853372,0.9594801223,0.9912190083,0.9094090202,0.854140527,0.4827044025,0.2064240791
0.8070692194,0.9579510703,0.9911917098,0.9097978227,0.8538268507,0.4855643045,0.2068733154
0.8091715976,0.9564220183,0.9911642412,0.9097978227,0.8547678795,0.4879074658,0.207771788
0.8134328358,0.9537037037,0.9911366006,0.909375,0.855163728,0.4984202212,0.2085585586
0.811746988,0.9526397516,0.9921630094,0.9094827586,0.8592171717,0.4997364259,0.210965704
0.8100303951,0.9531981279,0.9916274202,0.9053417125,0.8595825427,0.5051437615,0.2101220063
0.7914110429,0.9615987461,0.9916142558,0.9062992126,0.858365019,0.5108236536,0.2117647059
0.7708978328,0.9598425197,0.9989451477,0.908839779,0.8561904762,0.5222457627,0.2059356593
0.753125,0.9667721519,0.9994708995,0.9141613924,0.856870229,0.524403183,0.206215971
0.7539432177,0.9769475358,0.9920508744,0.915146709,0.856277884,0.5306610035,0.2055883689
0.7531847134,0.9760383387,0.9920382166,0.9165341812,0.8569604087,0.5358660999,0.2060964513
0.7539936102,0.9760383387,0.9920212766,0.9169316375,0.8572796935,0.5380319149,0.2056414923
0.7580128205,0.9712460064,0.9941364606,0.9169316375,0.8572796935,0.5380724175,0.2074613285
0.7588424437,0.9632587859,0.9989316239,0.9169316375,0.8585568327,0.5386460554,0.2081437671
0.7580645161,0.9616613419,1,0.9173290938,0.8617496807,0.5384204909,0.2081437671
0.737012987,0.9719101124,1,0.919123506,0.8637236084,0.5351134846,0.2118451025
0.7361563518,0.9718196457,1,0.9189944134,0.8670723895,0.5350947425,0.2113543092
0.7351973684,0.971636953,1,0.918734988,0.8670520231,0.5415664261,0.2105984468
0.7334437086,0.9714983713,1,0.9237560193,0.8658301158,0.5458678791,0.2099725526
0.7265100671,0.9729508197,1,0.923510467,0.8658064516,0.55472103,0.2110449129
0.7220338983,0.9736408567,1,0.9253430186,0.8674854557,0.5589895189,0.2117944011
0.720890411,0.9735099338,1,0.9251618123,0.8694948187,0.5643511039,0.2111672794
0.7189655172,0.9734219269,1,0.9250405186,0.8696498054,0.5684267241,0.2102115915
0.719237435,0.9725457571,1,0.9257907543,0.869889682,0.5713130224,0.2105384261
0.7207678883,0.9707846411,1,0.9256701868,0.8700454841,0.574858376,0.2118839245
0.7223198594,0.9698492462,0.9917672887,0.925549227,0.8705270007,0.5802269044,0.2123098202
0.7340425532,0.962962963,0.9917355372,0.9314845024,0.8699478488,0.5848443843,0.2119113573
0.7196428571,0.96875,0.9928176796,0.931372549,0.8701044386,0.5883468835,0.2121072089
0.7168458781,0.9695431472,0.9917035398,0.932951758,0.870019595,0.5921908894,0.2117429496
0.7259528131,0.9634353741,0.9916666667,0.9344262295,0.8727094241,0.5945652174,0.2159722222
0.7093235832,0.9701365188,0.9916573971,0.934318555,0.875163827,0.5967917346,0.2154772938
0.7145488029,0.9674657534,0.9944320713,0.9321546053,0.875,0.5998367791,0.2163729128
0.7150837989,0.9655765921,0.9972051425,0.9299258038,0.8750821828,0.6072499319,0.2155132373
0.7221172023,0.9610051993,0.9926842994,0.9334160463,0.8760711931,0.6158053049,0.2163797115
0.72,0.9608695652,0.9954929577,0.9312344656,0.8782178218,0.6196990424,0.2151839776
0.7195357834,0.9588441331,0.9932011331,0.9305901912,0.8749172733,0.626611797,0.2167522165
0.7392156863,0.9479717813,1,0.934528774,0.8732581287,0.6318681319,0.2176250584
0.7179487179,0.9575971731,0.9977233921,0.9373956594,0.8728419655,0.6340390432,0.2188961646
0.717693837,0.9565602837,0.9914334666,0.9418896321,0.8756648936,0.6356375654,0.2214419476
0.7157258065,0.95625,0.9914089347,0.9513422819,0.8753333333,0.638720353,0.2232645403
0.7163265306,0.9542190305,0.9913793103,0.9512195122,0.8750835003,0.6464088398,0.222639737
0.70625,0.955615942,0.9913194444,0.9569256757,0.8746648794,0.6554878049,0.2238700565
0.7058823529,0.9545454545,0.9913093859,0.9602368866,0.8758389262,0.6552967277,0.225730443
0.7200854701,0.945970696,0.9912689173,0.9601018676,0.8798788694,0.6598110061,0.2289896128
0.713362069,0.9476102941,0.9912587413,0.9600340136,0.8797169811,0.6635150167,0.2299149338
0.6762114537,0.9461966605,0.992370892,0.9590093937,0.8796484111,0.6724330357,0.232591189
0.6515837104,0.9521575985,0.9923122413,0.9587982833,0.8815342838,0.6830019602,0.2342042755
0.6543778802,0.9489603025,0.992280285,0.9586563307,0.884275017,0.6891133558,0.2358400762
0.6518691589,0.9477186312,1,0.9529360967,0.8843792633,0.6928049466,0.2378455672
0.6004784689,0.9654510557,0.99940012,0.9531656548,0.8839835729,0.70228362,0.240563784
0.5653266332,0.9706457926,1,0.9593175853,0.8845623708,0.7163925128,0.2486797888
0.5666666667,0.966469428,0.9993894994,0.9613696225,0.8852798894,0.7194428653,0.2537277537
0.5594594595,0.9597585513,0.999381953,0.9681133747,0.8862212944,0.7318467696,0.2631706138
0.5571428571,0.9507186858,1,0.9673815907,0.8854239664,0.748706153,0.2707625061
0.5885714286,0.9404517454,1,0.9673815907,0.8854239664,0.748706153,0.2719766877
0.5857142857,0.9414784394,0.9993742178,0.9678284182,0.8805185704,0.7484186314,0.2719766877
0.5828571429,0.9425051335,1,0.9673815907,0.8805185704,0.7484186314,0.2717338514
0.5685714286,0.9476386037,0.9931163955,0.9722966935,0.8805185704,0.748706153,0.2717338514
0.5628571429,0.9496919918,1,0.9673815907,0.8805185704,0.748706153,0.2717338514
0.56,0.9507186858,0.9962453066,0.9700625559,0.8805185704,0.7489936745,0.2717338514
0.5714285714,0.9466119097,1,0.9673815907,0.8805185704,0.7489936745,0.2719766877
0.5428571429,0.9609856263,0.9974968711,0.9673815907,0.8805185704,0.7498562392,0.272219524
0.5457142857,0.9722792608,0.9906132666,0.9673815907,0.8805185704,0.7498562392,0.2724623604
0.5428571429,0.9733059548,0.986232791,0.9705093834,0.8805185704,0.7498562392,0.2727051967
0.5457142857,0.9702258727,0.9874843554,0.9705093834,0.8805185704,0.7501437608,0.2727051967
0.5428571429,0.9733059548,0.9906132666,0.9673815907,0.8805185704,0.7501437608,0.272948033
0.5428571429,0.9712525667,0.991864831,0.9673815907,0.8805185704,0.7501437608,0.2727051967
0.5457142857,0.9661190965,0.9943679599,0.9682752458,0.8798177996,0.7501437608,0.272948033
0.5457142857,0.9568788501,1,0.9673815907,0.8805185704,0.7507188039,0.272948033
0.5428571429,0.9579055441,1,0.9673815907,0.8805185704,0.7510063255,0.272948033
0.5514285714,0.9599589322,1,0.9673815907,0.8805185704,0.7510063255,0.2727051967
0.5514285714,0.9599589322,0.9993742178,0.9678284182,0.8805185704,0.7510063255,0.272948033
0.5514285714,0.9599589322,1,0.9673815907,0.8805185704,0.7510063255,0.2727051967
0.5514285714,0.9599589322,1,0.9673815907,0.8805185704,0.7510063255,0.2727051967
0.5685714286,0.9579055441,0.9968710889,0.9678284182,0.8805185704,0.7510063255,0.272948033
0.5571428571,0.9609856263,0.9962453066,0.9691689008,0.8805185704,0.746693502,0.272948033
0.56,0.9702258727,0.9931163955,0.9673815907,0.8805185704,0.746693502,0.272948033
0.5571428571,0.9753593429,0.986232791,0.9705093834,0.8805185704,0.746693502,0.2731908694
0.56,0.9743326489,0.9843554443,0.971849866,0.8805185704,0.746693502,0.2731908694
0.56,0.9743326489,0.9843554443,0.971849866,0.8805185704,0.7469810236,0.2731908694
0.56,0.9743326489,0.9812265332,0.9740840036,0.8805185704,0.7469810236,0.2731908694
0.5857142857,0.9650924025,0.9812265332,0.9740840036,0.8805185704,0.7472685451,0.2731908694
0.56,0.9743326489,0.9812265332,0.9740840036,0.8805185704,0.7469810236,0.2734337057
0.56,0.9743326489,0.9812265332,0.9740840036,0.8805185704,0.7469810236,0.2734337057
0.5628571429,0.9609856263,0.9893617021,0.9740840036,0.8805185704,0.7469810236,0.2734337057
0.5628571429,0.9640657084,0.978097622,0.9740840036,0.8805185704,0.7472685451,0.2731908694
0.5828571429,0.9383983573,0.9893617021,0.9740840036,0.8805185704,0.7472685451,0.2731908694
0.5828571429,0.9363449692,0.9906132666,0.9740840036,0.8805185704,0.7472685451,0.2731908694
0.5885714286,0.9383983573,0.9912390488,0.9722966935,0.8805185704,0.7504312823,0.2707625061
0.5885714286,0.9353182752,1,0.9673815907,0.8805185704,0.7472685451,0.2734337057
0.5914285714,0.9353182752,1,0.9673815907,0.8805185704,0.7472685451,0.2734337057
0.5914285714,0.9527720739,0.9893617021,0.9673815907,0.8805185704,0.7472685451,0.273676542
0.6171428571,0.9383983573,0.9924906133,0.9673815907,0.8805185704,0.7472685451,0.2741622147
0.5971428571,0.9425051335,0.9943679599,0.9673815907,0.8805185704,0.7515813686,0.2712481787
0.5971428571,0.9579055441,0.9849812265,0.9673815907,0.8805185704,0.7515813686,0.2714910151
0.5971428571,0.9445585216,0.9931163955,0.9673815907,0.8798177996,0.7446808511,0.2739193783
0.6,0.9425051335,0.9943679599,0.9673815907,0.8805185704,0.7441058079,0.2741622147
0.6,0.9466119097,0.991864831,0.9673815907,0.8805185704,0.7441058079,0.274405051
0.6,0.9640657084,0.9812265332,0.9673815907,0.8805185704,0.7441058079,0.2746478873
0.6,0.9517453799,0.9887359199,0.9673815907,0.8805185704,0.7441058079,0.2748907237
0.6,0.9486652977,0.9906132666,0.9673815907,0.8805185704,0.7441058079,0.2746478873
0.6,0.9507186858,0.9893617021,0.9673815907,0.8805185704,0.7443933295,0.2746478873
0.6,0.953798768,0.9874843554,0.9673815907,0.8805185704,0.7443933295,0.2746478873
0.5942857143,0.9363449692,1,0.9673815907,0.8805185704,0.7443933295,0.2746478873
0.5885714286,0.9383983573,1,0.9673815907,0.8805185704,0.7443933295,0.2746478873
0.5914285714,0.9383983573,1,0.9606791778,0.8805185704,0.7443933295,0.2748907237
0.5914285714,0.9383983573,1,0.9615728329,0.8798177996,0.7452558942,0.2748907237
0.5885714286,0.9394250513,1,0.964253798,0.877715487,0.7452558942,0.2748907237
0.5857142857,0.9414784394,1,0.9620196604,0.8798177996,0.7452558942,0.2748907237
0.5857142857,0.9425051335,1,0.9615728329,0.880168185,0.7452558942,0.2748907237
0.5857142857,0.9425051335,1,0.9611260054,0.8808689559,0.7452558942,0.27513356
0.5885714286,0.9425051335,1,0.9611260054,0.8808689559,0.7452558942,0.2753763963
0.5885714286,0.9425051335,1,0.963360143,0.8794674142,0.7446808511,0.275862069
0.5885714286,0.9425051335,1,0.9629133155,0.8798177996,0.7446808511,0.2761049053
0.5885714286,0.9425051335,1,0.9678284182,0.8759635599,0.7478435883,0.2761049053
0.5885714286,0.9271047228,1,0.9682752458,0.8759635599,0.7481311098,0.2761049053
0.5885714286,0.9271047228,1,0.9682752458,0.8759635599,0.7481311098,0.2761049053
0.5914285714,0.9260780287,1,0.9682752458,0.8773651016,0.7475560667,0.2761049053
0.5657142857,0.9363449692,1,0.9682752458,0.877715487,0.7475560667,0.2763477416
0.5657142857,0.9363449692,1,0.9682752458,0.8791170287,0.7481311098,0.2753763963
0.5657142857,0.9363449692,1,0.9682752458,0.8784162579,0.748706153,0.2753763963
0.5657142857,0.9363449692,1,0.9682752458,0.8784162579,0.748706153,0.2753763963
0.5657142857,0.9363449692,1,0.9682752458,0.8784162579,0.748706153,0.2753763963
0.5942857143,0.9260780287,1,0.9682752458,0.8784162579,0.7484186314,0.2756192326
0.5942857143,0.9260780287,1,0.9682752458,0.8784162579,0.748706153,0.2756192326
0.6028571429,0.9229979466,0.9906132666,0.9682752458,0.8784162579,0.748706153,0.2756192326
0.6028571429,0.9188911704,0.9931163955,0.9682752458,0.8784162579,0.748706153,0.2756192326
0.6028571429,0.9075975359,1,0.9682752458,0.8784162579,0.748706153,0.2756192326
0.6028571429,0.9075975359,1,0.9682752458,0.8784162579,0.748706153,0.2756192326
0.6028571429,0.909650924,0.9987484355,0.9682752458,0.8784162579,0.748706153,0.2756192326
0.6057142857,0.9075975359,1,0.9682752458,0.880168185,0.7472685451,0.2756192326
0.5942857143,0.9137577002,0.9987484355,0.9682752458,0.8836720392,0.7446808511,0.2761049053
0.58,0.9188911704,1,0.9682752458,0.882620883,0.7455434158,0.2763477416
0.6,0.9117043121,1,0.9682752458,0.8836720392,0.7446808511,0.2761049053
0.6,0.9137577002,0.9987484355,0.9682752458,0.8836720392,0.7446808511,0.276590578
0.6028571429,0.9117043121,1,0.9682752458,0.8829712684,0.7412305923,0.276590578
0.6028571429,0.9117043121,1,0.9682752458,0.8833216538,0.7412305923,0.2763477416
0.6028571429,0.9137577002,0.9987484355,0.9682752458,0.8833216538,0.7412305923,0.2763477416
0.5828571429,0.9188911704,1,0.9682752458,0.8815697267,0.7426682001,0.276590578
0.6028571429,0.9137577002,0.9987484355,0.9682752458,0.8815697267,0.7426682001,0.275862069
0.6028571429,0.9271047228,0.9906132666,0.9682752458,0.8815697267,0.7429557217,0.2761049053
0.6028571429,0.9137577002,0.9987484355,0.9682752458,0.8815697267,0.7426682001,0.2761049053
0.6314285714,0.9014373717,1,0.9682752458,0.8815697267,0.7429557217,0.2761049053
0.6314285714,0.9014373717,1,0.9682752458,0.882620883,0.7426682001,0.2763477416
0.5885714286,0.9199178645,0.9987484355,0.9682752458,0.882620883,0.7426682001,0.2761049053
0.5914285714,0.9188911704,1,0.9682752458,0.8773651016,0.7426682001,0.276590578
0.5914285714,0.9188911704,1,0.9682752458,0.8773651016,0.7426682001,0.276590578
0.5914285714,0.9188911704,1,0.9682752458,0.8773651016,0.7426682001,0.2768334143
0.5914285714,0.9188911704,1,0.9682752458,0.8794674142,0.7409430707,0.2768334143
0.5914285714,0.9188911704,1,0.9682752458,0.882620883,0.7383553767,0.2770762506
0.5942857143,0.9209445585,0.9987484355,0.9682752458,0.882620883,0.7383553767,0.2775619233
0.5942857143,0.9188911704,1,0.9682752458,0.882620883,0.7389304198,0.2775619233
0.6,0.9271047228,0.9937421777,0.9682752458,0.882620883,0.7389304198,0.2773190869
0.5971428571,0.9342915811,0.9906132666,0.9682752458,0.882620883,0.7392179413,0.2770762506
0.5828571429,0.9394250513,0.9906132666,0.9682752458,0.882620883,0.7395054629,0.2768334143
0.5828571429,0.9394250513,0.9906132666,0.9682752458,0.8773651016,0.7397929845,0.2770762506
0.6,0.9332648871,0.9906132666,0.9682752458,0.8773651016,0.7395054629,0.2770762506
0.5914285714,0.9363449692,0.9906132666,0.9682752458,0.8805185704,0.7369177688,0.2773190869
0.6,0.9332648871,0.9937421777,0.9660411081,0.8780658725,0.7389304198,0.2773190869
0.6,0.9332648871,0.9906132666,0.9682752458,0.8819201121,0.7363427257,0.2775619233
0.5914285714,0.9363449692,0.9906132666,0.9682752458,0.8829712684,0.735480161,0.2773190869
0.5914285714,0.9363449692,0.9981226533,0.9629133155,0.8829712684,0.735480161,0.2778047596
0.5942857143,0.9373716632,1,0.9615728329,0.8829712684,0.735480161,0.2775619233
0.5971428571,0.9373716632,0.9974968711,0.963360143,0.8829712684,0.735480161,0.2778047596
0.6028571429,0.9373716632,0.9962453066,0.964253798,0.8829712684,0.735480161,0.2778047596
0.6028571429,0.9373716632,1,0.9553172475,0.8829712684,0.7351926394,0.2780475959
0.6142857143,0.9332648871,0.991864831,0.9611260054,0.8829712684,0.735480161,0.2780475959
0.6142857143,0.9332648871,0.9987484355,0.9562109026,0.8829712684,0.7366302473,0.2773190869
0.6285714286,0.9281314168,0.9956195244,0.9584450402,0.8829712684,0.7369177688,0.2773190869
0.6285714286,0.9281314168,1,0.9553172475,0.8829712684,0.7369177688,0.2775619233
0.6342857143,0.9281314168,0.9906132666,0.9620196604,0.8829712684,0.7363427257,0.2782904322
0.6342857143,0.9281314168,0.9831038798,0.9673815907,0.8829712684,0.7366302473,0.2780475959
0.6342857143,0.9281314168,0.9949937422,0.9588918677,0.8829712684,0.7366302473,0.2782904322
0.6342857143,0.9281314168,0.9906132666,0.9602323503,0.8847231955,0.7366302473,0.2782904322
0.64,0.9260780287,0.9912390488,0.9615728329,0.8833216538,0.7360552041,0.2787761049
0.6342857143,0.9137577002,0.9962453066,0.9562109026,0.8847231955,0.7386428982,0.2782904322
0.6342857143,0.9209445585,0.9899874844,0.9593386953,0.8833216538,0.7392179413,0.2780475959
0.6342857143,0.9209445585,0.9868585732,0.9602323503,0.8847231955,0.7392179413,0.2785332686
0.6342857143,0.9250513347,0.9849812265,0.9620196604,0.8847231955,0.7406555492,0.2785332686
0.6371428571,0.9301848049,0.9818523154,0.9624664879,0.8847231955,0.7409430707,0.2782904322
0.6371428571,0.931211499,0.9812265332,0.964253798,0.8836720392,0.7412305923,0.2787761049
0.6371428571,0.931211499,0.9887359199,0.9571045576,0.8850735809,0.7409430707,0.2787761049
0.6371428571,0.932238193,0.9906132666,0.9557640751,0.8850735809,0.7412305923,0.2787761049
0.6371428571,0.932238193,0.991864831,0.9566577301,0.8836720392,0.7412305923,0.2787761049
0.6371428571,0.932238193,0.9906132666,0.9651474531,0.877715487,0.7418056354,0.2790189412
0.64,0.9301848049,0.9912390488,0.9624664879,0.8794674142,0.737492812,0.2795046139
0.64,0.931211499,0.9906132666,0.9624664879,0.8794674142,0.7377803335,0.2795046139
0.6171428571,0.9394250513,0.9906132666,0.9624664879,0.8798177996,0.7380678551,0.2790189412
0.6171428571,0.9394250513,0.9906132666,0.9624664879,0.8798177996,0.7415181139,0.2761049053
0.64,0.9332648871,0.9912390488,0.9624664879,0.8798177996,0.7432432432,0.2756192326
0.64,0.9188911704,1,0.9691689008,0.8745620182,0.7429557217,0.275862069
0.64,0.9188911704,1,0.9664879357,0.8766643308,0.7435307648,0.2756192326
0.64,0.9188911704,1,0.9624664879,0.8798177996,0.7432432432,0.2753763963
0.64,0.9188911704,1,0.9624664879,0.8815697267,0.7418056354,0.2753763963
0.6228571429,0.9281314168,1,0.9624664879,0.8798177996,0.7432432432,0.2756192326
0.6228571429,0.9281314168,1,0.9606791778,0.8759635599,0.7438182864,0.2756192326
0.6228571429,0.9281314168,1,0.9624664879,0.8745620182,0.7426682001,0.276590578
0.6342857143,0.9240246407,1,0.9624664879,0.8745620182,0.7429557217,0.2761049053
0.6228571429,0.9281314168,1,0.9624664879,0.8794674142,0.7386428982,0.276590578
0.6228571429,0.9281314168,1,0.9624664879,0.8794674142,0.7397929845,0.2761049053
0.64,0.9219712526,1,0.9624664879,0.8794674142,0.7397929845,0.2763477416
0.6228571429,0.9281314168,1,0.9624664879,0.8794674142,0.740080506,0.2768334143
0.6228571429,0.9281314168,1,0.9624664879,0.8808689559,0.740080506,0.276590578
0.64,0.9219712526,1,0.9624664879,0.8808689559,0.7389304198,0.2775619233
0.6228571429,0.9281314168,1,0.9624664879,0.8808689559,0.7383553767,0.2782904322
0.6228571429,0.9301848049,0.9987484355,0.9624664879,0.8808689559,0.7380678551,0.2763477416
0.6314285714,0.9271047228,1,0.9624664879,0.8808689559,0.7386428982,0.275862069
0.6,0.9383983573,1,0.9624664879,0.880168185,0.7392179413,0.275862069
0.6371428571,0.9250513347,1,0.9624664879,0.8843728101,0.7366302473,0.2761049053
0.6,0.9394250513,0.9993742178,0.9629133155,0.8850735809,0.7377803335,0.2748907237
0.6142857143,0.9353182752,0.9987484355,0.963360143,0.8815697267,0.7406555492,0.2748907237
0.5857142857,0.9455852156,0.9906132666,0.9691689008,0.8871758935,0.7351926394,0.2756192326
0.5571428571,0.9568788501,0.9924906133,0.9678284182,0.8871758935,0.7357676826,0.2753763963
0.5685714286,0.9527720739,0.9906132666,0.9691689008,0.8819201121,0.7397929845,0.27513356
0.5571428571,0.9568788501,0.9912390488,0.9687220733,0.8822704975,0.7395054629,0.2756192326
0.5685714286,0.9527720739,1,0.9624664879,0.8770147162,0.7395054629,0.27513356
0.5857142857,0.9466119097,0.9987484355,0.9620196604,0.8780658725,0.7395054629,0.27513356
0.5914285714,0.9445585216,1,0.9611260054,0.8773651016,0.7418056354,0.2739193783
0.5914285714,0.9445585216,1,0.9611260054,0.8780658725,0.7409430707,0.2741622147
0.5942857143,0.9445585216,1,0.9611260054,0.8780658725,0.7412305923,0.2739193783
0.5942857143,0.9445585216,1,0.9611260054,0.8805185704,0.7395054629,0.274405051
0.6171428571,0.9363449692,1,0.9624664879,0.8794674142,0.7397929845,0.273676542
0.6171428571,0.9363449692,1,0.9660411081,0.8766643308,0.7395054629,0.274405051
0.6114285714,0.9383983573,1,0.9691689008,0.8784162579,0.7360552041,0.274405051
0.6142857143,0.9373716632,1,0.9691689008,0.8787666433,0.7363427257,0.273676542
0.6142857143,0.9373716632,1,0.9624664879,0.8791170287,0.7357676826,0.2741622147
0.6142857143,0.9373716632,1,0.9629133155,0.8766643308,0.7377803335,0.2739193783
0.6142857143,0.9373716632,1,0.9629133155,0.8787666433,0.7363427257,0.2746478873
0.6142857143,0.9373716632,1,0.9629133155,0.8791170287,0.7360552041,0.2748907237
0.6171428571,0.9373716632,1,0.9629133155,0.8787666433,0.7366302473,0.2746478873
0.62,0.9363449692,1,0.9629133155,0.8752627891,0.7392179413,0.2746478873
0.6028571429,0.9425051335,1,0.9629133155,0.8780658725,0.7372052904,0.27513356
0.62,0.9363449692,1,0.9629133155,0.8780658725,0.7377803335,0.2746478873
0.62,0.9363449692,1,0.9629133155,0.8791170287,0.7372052904,0.2746478873
0.6,0.9445585216,1,0.963360143,0.8791170287,0.7366302473,0.27513356
0.6,0.9445585216,1,0.9562109026,0.8791170287,0.737492812,0.2748907237
0.6228571429,0.9363449692,1,0.9624664879,0.8731604765,0.7383553767,0.2748907237
0.62,0.9373716632,1,0.9624664879,0.8742116328,0.7377803335,0.274405051
0.6228571429,0.9363449692,1,0.9655942806,0.8707077786,0.7389304198,0.274405051
0.6228571429,0.9363449692,1,0.9696157283,0.868605466,0.7377803335,0.2746478873
0.6228571429,0.9363449692,1,0.9638069705,0.8689558514,0.7418056354,0.274405051
0.6228571429,0.9363449692,1,0.9602323503,0.8749124036,0.7395054629,0.274405051
0.6228571429,0.9363449692,1,0.9588918677,0.877715487,0.7395054629,0.2739193783
0.6228571429,0.9363449692,1,0.9588918677,0.877715487,0.7392179413,0.275862069
0.6228571429,0.9363449692,1,0.9588918677,0.877715487,0.7395054629,0.2753763963
0.6228571429,0.9373716632,1,0.9588918677,0.8773651016,0.740080506,0.274405051
0.6257142857,0.9373716632,1,0.9588918677,0.8773651016,0.740080506,0.2753763963
0.6257142857,0.9383983573,1,0.9593386953,0.877715487,0.7392179413,0.275862069
0.6257142857,0.9383983573,1,0.9588918677,0.8780658725,0.740080506,0.2753763963
0.6257142857,0.9383983573,1,0.9588918677,0.8798177996,0.7386428982,0.275862069
0.6542857143,0.9281314168,1,0.963360143,0.8745620182,0.7392179413,0.2763477416
0.6514285714,0.9291581109,1,0.9651474531,0.8756131745,0.737492812,0.2768334143
0.6171428571,0.9414784394,1,0.9606791778,0.8819201121,0.7357676826,0.2775619233
0.6142857143,0.9425051335,1,0.9655942806,0.8773651016,0.7363427257,0.2775619233
0.6142857143,0.9425051335,1,0.9655942806,0.8780658725,0.7357676826,0.2770762506
0.62,0.9414784394,1,0.9664879357,0.8728100911,0.7357676826,0.2770762506
0.62,0.9425051335,1,0.9664879357,0.8721093203,0.7366302473,0.2768334143
0.6228571429,0.9414784394,1,0.9664879357,0.8745620182,0.7346175963,0.2770762506
0.6171428571,0.9445585216,1,0.9664879357,0.8773651016,0.7320299022,0.2780475959
0.6228571429,0.9445585216,1,0.9664879357,0.8773651016,0.7320299022,0.2775619233
0.6228571429,0.9445585216,1,0.9664879357,0.8773651016,0.7326049454,0.2778047596
0.6085714286,0.9496919918,1,0.9664879357,0.8773651016,0.7323174238,0.2775619233
0.62,0.9455852156,1,0.9664879357,0.8773651016,0.7326049454,0.2775619233
0.6228571429,0.9445585216,1,0.9664879357,0.8773651016,0.7328924669,0.2778047596
0.6142857143,0.9476386037,1,0.9664879357,0.8773651016,0.7331799885,0.2775619233
0.6142857143,0.9476386037,1,0.9664879357,0.8721093203,0.7328924669,0.2775619233
0.6142857143,0.9476386037,1,0.9664879357,0.8724597057,0.7337550316,0.2778047596
0.6171428571,0.9476386037,1,0.9664879357,0.8724597057,0.7337550316,0.2775619233
0.6171428571,0.9476386037,1,0.9664879357,0.8735108619,0.7331799885,0.2780475959
0.6171428571,0.9476386037,1,0.9664879357,0.8745620182,0.7323174238,0.2782904322
0.6171428571,0.9476386037,1,0.9664879357,0.8745620182,0.7326049454,0.2778047596
0.6171428571,0.9476386037,1,0.9664879357,0.8735108619,0.7331799885,0.2782904322
0.6171428571,0.9476386037,1,0.9664879357,0.8735108619,0.7334675101,0.2780475959
0.6171428571,0.9476386037,1,0.9664879357,0.8763139453,0.7314548591,0.2778047596
0.6257142857,0.9445585216,1,0.9664879357,0.8791170287,0.728867165,0.2780475959
0.6171428571,0.9476386037,1,0.9664879357,0.8794674142,0.7251293847,0.2780475959
0.62,0.9466119097,1,0.9664879357,0.8794674142,0.7248418631,0.2780475959
0.6371428571,0.9404517454,1,0.9664879357,0.8794674142,0.7251293847,0.2778047596
0.64,0.9394250513,1,0.9664879357,0.8794674142,0.7248418631,0.2785332686
0.6371428571,0.9404517454,1,0.9664879357,0.8794674142,0.7254169063,0.2785332686
0.6371428571,0.9404517454,1,0.9664879357,0.8794674142,0.7251293847,0.2785332686
0.6371428571,0.9404517454,1,0.9664879357,0.8794674142,0.7254169063,0.2782904322
0.6371428571,0.9414784394,1,0.9664879357,0.8794674142,0.7254169063,0.2785332686
0.6371428571,0.9414784394,1,0.9664879357,0.8794674142,0.7259919494,0.2780475959
0.6457142857,0.9383983573,1,0.9664879357,0.8794674142,0.726279471,0.2780475959
0.6371428571,0.9414784394,1,0.9602323503,0.8791170287,0.7257044278,0.2785332686
0.6371428571,0.9414784394,1,0.9651474531,0.8752627891,0.726279471,0.2782904322
0.6657142857,0.931211499,1,0.9664879357,0.8742116328,0.7268545141,0.2787761049
0.6457142857,0.9383983573,1,0.9664879357,0.8735108619,0.7277170788,0.2790189412
0.6514285714,0.9363449692,1,0.9664879357,0.8735108619,0.7277170788,0.2795046139
0.6371428571,0.9414784394,1,0.9664879357,0.8735108619,0.7277170788,0.2792617776
0.6685714286,0.9301848049,1,0.9664879357,0.8735108619,0.7277170788,0.2799902865
0.6685714286,0.9301848049,1,0.9664879357,0.8735108619,0.7271420357,0.2795046139
0.6685714286,0.9301848049,1,0.9669347632,0.8735108619,0.7271420357,0.2797474502
0.6628571429,0.932238193,1,0.9669347632,0.8735108619,0.7274295572,0.2802331229
0.6685714286,0.9301848049,1,0.9669347632,0.8682550806,0.7277170788,0.2792617776
0.6685714286,0.9301848049,1,0.9669347632,0.8682550806,0.7277170788,0.2799902865
0.6657142857,0.931211499,1,0.9673815907,0.868605466,0.7274295572,0.2799902865
0.66,0.9332648871,1,0.9673815907,0.868605466,0.7274295572,0.2804759592
0.66,0.9332648871,1,0.9673815907,0.868605466,0.7285796435,0.2792617776
0.66,0.9332648871,1,0.9673815907,0.868605466,0.7285796435,0.2797474502
0.6428571429,0.9394250513,1,0.9651474531,0.8703573931,0.728867165,0.2790189412
0.6428571429,0.9414784394,0.9987484355,0.9651474531,0.8703573931,0.7291546866,0.2797474502
0.6428571429,0.9394250513,1,0.9655942806,0.8703573931,0.7291546866,0.2802331229
0.6428571429,0.9394250513,1,0.9655942806,0.8703573931,0.728867165,0.2797474502
0.6685714286,0.9301848049,1,0.9655942806,0.8668535389,0.7277170788,0.2795046139
0.6457142857,0.9394250513,1,0.9655942806,0.8654519972,0.728867165,0.2802331229
0.6114285714,0.9527720739,1,0.9655942806,0.8651016118,0.7291546866,0.2802331229
0.6114285714,0.9527720739,1,0.9655942806,0.868605466,0.7268545141,0.2797474502
0.6114285714,0.9527720739,1,0.9655942806,0.8682550806,0.7268545141,0.2797474502
0.6114285714,0.9527720739,1,0.9655942806,0.8693062369,0.7259919494,0.2799902865
0.6228571429,0.9486652977,1,0.9655942806,0.8693062369,0.726279471,0.2802331229
0.6257142857,0.9476386037,1,0.9655942806,0.8707077786,0.7254169063,0.2802331229
0.6114285714,0.9527720739,1,0.9655942806,0.8703573931,0.7251293847,0.2799902865
0.6114285714,0.953798768,1,0.9655942806,0.8707077786,0.7257044278,0.2802331229
0.6114285714,0.953798768,1,0.9588918677,0.8696566223,0.7268545141,0.2795046139
0.6457142857,0.9414784394,1,0.9588918677,0.8700070077,0.7274295572,0.2795046139
0.62,0.9507186858,1,0.9588918677,0.8707077786,0.7297297297,0.276590578
0.6028571429,0.9568788501,1,0.9588918677,0.8707077786,0.7291546866,0.2768334143
0.6028571429,0.9568788501,1,0.9588918677,0.8700070077,0.7300172513,0.27513356
0.6028571429,0.9568788501,1,0.9588918677,0.8682550806,0.7314548591,0.2756192326
0.6028571429,0.9579055441,1,0.9588918677,0.8703573931,0.7303047729,0.2753763963
0.6028571429,0.9589322382,1,0.9588918677,0.8703573931,0.7303047729,0.2753763963
0.6028571429,0.9589322382,1,0.9588918677,0.8714085494,0.730879816,0.2753763963
0.6028571429,0.9589322382,1,0.9588918677,0.871058164,0.7317423807,0.275862069
0.6285714286,0.9496919918,0.9906132666,0.9597855228,0.8703573931,0.7317423807,0.2763477416
0.6285714286,0.9496919918,0.9943679599,0.9562109026,0.871058164,0.7314548591,0.276590578
0.6257142857,0.9527720739,0.9981226533,0.9526362824,0.871058164,0.7317423807,0.27513356
0.6257142857,0.9579055441,0.9956195244,0.9521894549,0.8714085494,0.7317423807,0.2746478873
0.6257142857,0.9650924025,0.9912390488,0.9521894549,0.8714085494,0.7314548591,0.2753763963
0.6257142857,0.9558521561,0.9968710889,0.9544235925,0.871058164,0.7314548591,0.2756192326
0.6457142857,0.9435318275,1,0.9606791778,0.866152768,0.7320299022,0.2778047596
0.6571428571,0.954825462,0.9912390488,0.9606791778,0.866152768,0.7323174238,0.2756192326
0.6714285714,0.9507186858,0.9906132666,0.9606791778,0.866152768,0.7320299022,0.2753763963
0.6714285714,0.9507186858,0.9906132666,0.9606791778,0.8672039243,0.7328924669,0.2753763963
0.6714285714,0.9517453799,0.9993742178,0.95487042,0.8672039243,0.7334675101,0.2748907237
0.6742857143,0.9517453799,0.9993742178,0.95487042,0.8658023826,0.7351926394,0.2746478873
0.6742857143,0.9517453799,1,0.9579982127,0.8654519972,0.7331799885,0.274405051
0.6571428571,0.9589322382,1,0.9611260054,0.8672039243,0.7297297297,0.2748907237
0.64,0.9650924025,1,0.9584450402,0.8689558514,0.7300172513,0.2773190869
0.6314285714,0.9681724846,1,0.9602323503,0.8679046952,0.7303047729,0.2768334143
0.6342857143,0.9681724846,1,0.9611260054,0.8668535389,0.7297297297,0.27513356
0.6371428571,0.9681724846,1,0.9602323503,0.8682550806,0.7300172513,0.2753763963
0.6371428571,0.9681724846,1,0.9651474531,0.8640504555,0.7297297297,0.275862069
0.64,0.9681724846,1,0.9651474531,0.8644008409,0.7297297297,0.2775619233
0.64,0.9681724846,1,0.9579982127,0.8651016118,0.7291546866,0.2780475959
0.5714285714,0.9928131417,1,0.9544235925,0.8679046952,0.7297297297,0.2778047596
0.5742857143,0.9917864476,1,0.9584450402,0.8658023826,0.728867165,0.2768334143
0.5742857143,0.9917864476,1,0.9584450402,0.866152768,0.7297297297,0.2763477416
0.5742857143,0.9917864476,1,0.9544235925,0.8693062369,0.7291546866,0.276590578
0.5742857143,0.9917864476,1,0.9584450402,0.866152768,0.730879816,0.275862069
0.5742857143,0.9917864476,1,0.9584450402,0.866152768,0.7300172513,0.2768334143
0.5742857143,0.9917864476,0.9906132666,0.9651474531,0.8658023826,0.7305922944,0.2768334143
0.5742857143,0.9917864476,0.9906132666,0.9651474531,0.866152768,0.7300172513,0.2770762506
0.5742857143,0.9917864476,0.9906132666,0.9651474531,0.866152768,0.7303047729,0.2768334143
0.5742857143,0.9917864476,0.9906132666,0.9651474531,0.8608969867,0.7300172513,0.2768334143
0.5742857143,0.9917864476,0.9912390488,0.9647006256,0.8612473721,0.7297297297,0.2792617776
0.5771428571,0.9917864476,0.9906132666,0.9651474531,0.8608969867,0.7300172513,0.2773190869
0.58,0.9917864476,0.9906132666,0.9647006256,0.8615977575,0.7303047729,0.2770762506
0.58,0.9917864476,0.9906132666,0.9638069705,0.8622985284,0.7305922944,0.2770762506
0.5828571429,0.9907597536,0.9906132666,0.9624664879,0.8633496847,0.7303047729,0.2770762506
0.5885714286,0.9887063655,0.9906132666,0.9624664879,0.8633496847,0.7303047729,0.2773190869
0.5885714286,0.9887063655,0.9906132666,0.9624664879,0.8637000701,0.7305922944,0.2773190869
0.5885714286,0.9887063655,0.9906132666,0.9629133155,0.8633496847,0.730879816,0.2775619233
0.5942857143,0.9753593429,0.9981226533,0.9606791778,0.8651016118,0.7311673376,0.2778047596
0.5942857143,0.9835728953,0.9931163955,0.9575513852,0.8622985284,0.7311673376,0.2780475959
0.5942857143,0.9876796715,0.9906132666,0.9557640751,0.8637000701,0.7317423807,0.2775619233
0.5942857143,0.9876796715,0.9906132666,0.9566577301,0.8629992992,0.7300172513,0.2787761049
0.5942857143,0.9876796715,0.9906132666,0.9584450402,0.8615977575,0.7300172513,0.2790189412
0.5942857143,0.9876796715,0.9949937422,0.953976765,0.8626489138,0.7305922944,0.2785332686
0.5942857143,0.9876796715,0.9974968711,0.9508489723,0.8640504555,0.730879816,0.2787761049
0.5942857143,0.9876796715,1,0.9521894549,0.8615977575,0.7303047729,0.2792617776
0.5942857143,0.9876796715,1,0.9508489723,0.8629992992,0.7311673376,0.2790189412
0.5971428571,0.9876796715,1,0.953976765,0.8605466013,0.7323174238,0.2780475959
0.5828571429,0.9928131417,1,0.9544235925,0.8608969867,0.7320299022,0.2780475959
0.5828571429,0.9928131417,1,0.9495084897,0.8598458304,0.7328924669,0.2778047596
0.6428571429,0.9712525667,1,0.9521894549,0.8580939033,0.7326049454,0.2780475959
0.6228571429,0.9784394251,1,0.95487042,0.8559915907,0.7328924669,0.2780475959
0.5828571429,0.9928131417,0.9968710889,0.9526362824,0.859495445,0.7331799885,0.2780475959
0.5828571429,0.9928131417,0.9993742178,0.9486148347,0.8612473721,0.7334675101,0.2780475959
0.5942857143,0.9887063655,0.9937421777,0.9499553172,0.8633496847,0.7334675101,0.2785332686
0.5942857143,0.9907597536,0.9924906133,0.9602323503,0.8563419762,0.7334675101,0.2787761049
0.5942857143,0.9907597536,0.9906132666,0.9557640751,0.8612473721,0.7340425532,0.2785332686
0.5771428571,0.9969199179,0.9906132666,0.9553172475,0.861948143,0.7334675101,0.2787761049
0.58,0.9969199179,0.9949937422,0.9504021448,0.8633496847,0.7337550316,0.2785332686
0.58,0.9969199179,0.9906132666,0.9517426273,0.8615977575,0.7320299022,0.2787761049
0.5942857143,0.9917864476,0.9949937422,0.9472743521,0.8629992992,0.7311673376,0.2792617776
0.5828571429,0.9958932238,0.9949937422,0.9468275246,0.8605466013,0.7343300748,0.2787761049
0.58,0.9979466119,0.9949937422,0.9495084897,0.8640504555,0.7294422082,0.2792617776
0.58,0.9979466119,0.9906132666,0.9553172475,0.861948143,0.7297297297,0.2792617776
0.5828571429,0.9969199179,0.9924906133,0.9504021448,0.8651016118,0.7297297297,0.2792617776
0.58,0.9979466119,0.9906132666,0.95487042,0.8626489138,0.7314548591,0.2785332686
0.5828571429,0.9969199179,0.9912390488,0.9557640751,0.8644008409,0.7285796435,0.2802331229
0.58,0.998973306,0.9906132666,0.9517426273,0.8696566223,0.7271420357,0.2795046139
0.5828571429,0.9917864476,0.9956195244,0.9535299374,0.868605466,0.7268545141,0.2802331229
0.5828571429,0.9938398357,0.9943679599,0.9678284182,0.8521373511,0.7274295572,0.2797474502
0.5857142857,0.9969199179,0.9924906133,0.9593386953,0.8591450596,0.726279471,0.2809616319
0.5857142857,1,0.9906132666,0.9544235925,0.8629992992,0.7282921219,0.2804759592
0.5857142857,1,0.9906132666,0.95487042,0.8633496847,0.7282921219,0.2809616319
0.5885714286,0.998973306,0.9906132666,0.9521894549,0.8654519972,0.7303047729,0.2795046139
0.5914285714,0.9979466119,0.991864831,0.9508489723,0.8665031535,0.7294422082,0.2802331229
0.5885714286,0.998973306,0.9956195244,0.945487042,0.868605466,0.7294422082,0.2809616319
0.5885714286,0.998973306,0.9906132666,0.9490616622,0.868605466,0.7303047729,0.2821758135
0.5942857143,0.9969199179,0.9906132666,0.9593386953,0.8608969867,0.7285796435,0.2833899951
0.5914285714,0.9979466119,0.9968710889,0.9499553172,0.8644008409,0.7291546866,0.2841185041
0.5857142857,1,0.9906132666,0.9544235925,0.859495445,0.7294422082,0.2838756678
0.5857142857,1,0.9906132666,0.9611260054,0.8538892782,0.7305922944,0.2826614862
0.5857142857,1,0.9906132666,0.9579982127,0.8549404345,0.7317423807,0.2819329772
0.5885714286,1,0.9906132666,0.9615728329,0.8538892782,0.730879816,0.2821758135
0.5885714286,1,0.9943679599,0.9597855228,0.8535388928,0.7311673376,0.2824186498
0.5914285714,1,0.9974968711,0.9512957998,0.8584442887,0.7305922944,0.2826614862
0.5914285714,1,0.9937421777,0.9521894549,0.8598458304,0.7297297297,0.2831471588
0.5914285714,1,1,0.9405719392,0.8658023826,0.7311673376,0.2814473045
0.5914285714,1,0.9831038798,0.9521894549,0.8665031535,0.7314548591,0.2804759592
0.5914285714,1,0.9849812265,0.9472743521,0.8696566223,0.7317423807,0.2799902865
0.5914285714,1,0.9931163955,0.9414655943,0.8700070077,0.7317423807,0.2804759592
0.5914285714,1,0.9974968711,0.9383378016,0.8700070077,0.7323174238,0.2799902865
0.5942857143,1,0.9899874844,0.9450402145,0.8689558514,0.7320299022,0.2804759592
0.5942857143,1,0.9987484355,0.9414655943,0.8675543097,0.7328924669,0.2797474502
0.5942857143,1,0.9906132666,0.9517426273,0.8640504555,0.7328924669,0.2804759592
0.5942857143,1,0.9931163955,0.9504021448,0.8637000701,0.7328924669,0.2812044682
0.6,1,0.9899874844,0.9495084897,0.8665031535,0.7317423807,0.2819329772
0.6028571429,1,0.9881101377,0.9512957998,0.866152768,0.7320299022,0.2816901408
0.6028571429,1,0.9887359199,0.9579982127,0.8605466013,0.7334675101,0.2799902865
0.6028571429,1,0.9937421777,0.9526362824,0.861948143,0.7328924669,0.2816901408
0.6028571429,1,0.9987484355,0.9499553172,0.8601962158,0.728867165,0.2824186498
0.6028571429,1,1,0.9463806971,0.8633496847,0.7285796435,0.2829043225
0.6028571429,1,1,0.9450402145,0.861948143,0.730879816,0.2814473045
0.6028571429,1,0.9937421777,0.9490616622,0.8654519972,0.7285796435,0.2816901408
0.6028571429,1,0.9974968711,0.9486148347,0.8633496847,0.728867165,0.2826614862
0.6028571429,1,0.9974968711,0.9459338695,0.8654519972,0.7340425532,0.2785332686
0.6028571429,1,0.9974968711,0.9521894549,0.8612473721,0.7334675101,0.2780475959
0.6057142857,1,0.9949937422,0.953976765,0.8559915907,0.7380678551,0.2787761049
0.6057142857,1,0.991864831,0.9562109026,0.857042747,0.7369177688,0.2782904322
0.6057142857,1,0.9824780976,0.9584450402,0.8696566223,0.7294422082,0.2790189412
0.6057142857,1,0.9812265332,0.9512957998,0.871058164,0.7297297297,0.2782904322
0.6057142857,1,0.9881101377,0.9428060769,0.8735108619,0.7300172513,0.2775619233
0.6057142857,0.9969199179,0.9868585732,0.9535299374,0.8668535389,0.7305922944,0.2770762506
0.6057142857,0.9845995893,1,0.9504021448,0.8658023826,0.7311673376,0.2773190869
0.6057142857,0.9845995893,1,0.9504021448,0.8654519972,0.7311673376,0.2773190869
0.6057142857,0.9845995893,0.9987484355,0.9512957998,0.8658023826,0.730879816,0.2768334143
0.6057142857,0.9876796715,0.9981226533,0.9481680071,0.868605466,0.7305922944,0.2763477416
0.6085714286,0.9845995893,1,0.9459338695,0.8742116328,0.7271420357,0.2780475959
0.6085714286,0.9845995893,0.9993742178,0.9508489723,0.8693062369,0.7291546866,0.2763477416
0.6085714286,0.9845995893,0.9987484355,0.9481680071,0.8703573931,0.7314548591,0.2763477416
0.6085714286,0.9815195072,0.9906132666,0.9486148347,0.8696566223,0.730879816,0.2778047596
0.6085714286,0.976386037,0.9949937422,0.9486148347,0.8689558514,0.7303047729,0.2773190869
0.6085714286,0.9691991786,0.9962453066,0.9530831099,0.8675543097,0.7314548591,0.2775619233
0.6085714286,0.9835728953,0.9887359199,0.9521894549,0.8672039243,0.7314548591,0.2775619233
0.6085714286,0.9856262834,0.9887359199,0.95487042,0.8644008409,0.7320299022,0.2768334143
0.6114285714,0.9876796715,0.9887359199,0.9508489723,0.8675543097,0.7314548591,0.2778047596
0.6142857143,0.9804928131,0.9931163955,0.9544235925,0.8654519972,0.7311673376,0.2770762506
0.6142857143,0.9804928131,0.9893617021,0.9597855228,0.8668535389,0.7291546866,0.2770762506
0.6142857143,0.9804928131,0.9931163955,0.9571045576,0.8675543097,0.7282921219,0.2775619233
0.6142857143,0.9804928131,0.9931163955,0.9544235925,0.8693062369,0.7282921219,0.2790189412
0.6085714286,0.9691991786,0.991864831,0.9557640751,0.868605466,0.7285796435,0.2787761049
0.5742857143,0.9794661191,0.9931163955,0.9597855228,0.8651016118,0.7285796435,0.2782904322
0.5742857143,0.9835728953,0.9906132666,0.9544235925,0.8696566223,0.7282921219,0.2792617776
0.5742857143,0.9681724846,1,0.9571045576,0.8672039243,0.728867165,0.2787761049
0.5742857143,0.9743326489,0.9962453066,0.9571045576,0.8682550806,0.7277170788,0.2785332686
0.5742857143,0.9712525667,0.9981226533,0.9571045576,0.8637000701,0.7317423807,0.2780475959
0.5771428571,0.9794661191,0.9931163955,0.9553172475,0.8689558514,0.7291546866,0.2773190869
0.5771428571,0.9969199179,0.9824780976,0.9571045576,0.868605466,0.7282921219,0.2775619233
0.5771428571,0.9845995893,0.9899874844,0.9566577301,0.8689558514,0.7285796435,0.2790189412
0.5771428571,0.9948665298,0.9831038798,0.9562109026,0.8742116328,0.7251293847,0.2775619233
0.5771428571,0.9753593429,0.986232791,0.9566577301,0.8703573931,0.7277170788,0.2785332686
0.5771428571,0.9835728953,0.9768460576,0.9606791778,0.8742116328,0.7248418631,0.2799902865
0.5771428571,0.9969199179,0.9699624531,0.9588918677,0.8700070077,0.7285796435,0.2802331229
0.58,0.9938398357,0.9887359199,0.9481680071,0.8728100911,0.726279471,0.2799902865
0.5828571429,0.9845995893,0.9806007509,0.9579982127,0.8738612474,0.7254169063,0.2799902865
0.5828571429,0.9917864476,0.9812265332,0.9544235925,0.8731604765,0.7257044278,0.2804759592
0.5828571429,0.9897330595,0.9943679599,0.9459338695,0.8731604765,0.7251293847,0.2807187955
0.5828571429,0.998973306,0.9831038798,0.9508489723,0.8700070077,0.7280046003,0.2804759592
0.5828571429,0.9866529774,0.9906132666,0.9499553172,0.871058164,0.7280046003,0.2802331229
0.5828571429,0.9835728953,0.9931163955,0.9490616622,0.8717589348,0.7280046003,0.2799902865
0.5885714286,0.9815195072,0.9906132666,0.9450402145,0.8759635599,0.7285796435,0.2799902865
0.5628571429,0.9907597536,0.9749687109,0.9553172475,0.8770147162,0.7274295572,0.2812044682
0.5657142857,0.9907597536,0.9774718398,0.9535299374,0.8770147162,0.7277170788,0.2809616319
0.5657142857,0.9907597536,0.9687108886,0.9597855228,0.8763139453,0.7280046003,0.2804759592
0.5657142857,0.9907597536,0.9799749687,0.9517426273,0.8766643308,0.7280046003,0.2804759592
0.5657142857,0.9907597536,0.978097622,0.9530831099,0.8766643308,0.7280046003,0.2814473045
0.5657142857,0.9907597536,0.9730913642,0.9566577301,0.8773651016,0.7277170788,0.2812044682
0.5657142857,0.9907597536,0.9887359199,0.9459338695,0.877715487,0.7271420357,0.2807187955
0.5657142857,0.9907597536,0.9956195244,0.9410187668,0.877715487,0.7271420357,0.2816901408
0.5657142857,0.9907597536,0.9899874844,0.9450402145,0.8773651016,0.7277170788,0.2814473045
0.5657142857,0.9907597536,0.9906132666,0.944593387,0.8780658725,0.7236917769,0.2814473045
0.5657142857,0.9907597536,0.9824780976,0.9504021448,0.8763139453,0.7254169063,0.2809616319
0.5657142857,0.9907597536,0.9906132666,0.944593387,0.8780658725,0.7236917769,0.2819329772
0.5657142857,0.9907597536,0.986232791,0.9490616622,0.877715487,0.7239792984,0.2812044682
0.5657142857,0.9907597536,0.9849812265,0.9499553172,0.877715487,0.7236917769,0.2824186498
0.5685714286,0.9907597536,0.9874843554,0.9481680071,0.8773651016,0.72426682,0.2819329772
0.5914285714,0.9825462012,0.9987484355,0.9459338695,0.8735108619,0.7236917769,0.2821758135
0.5685714286,0.9907597536,0.991864831,0.9526362824,0.8717589348,0.72426682,0.2812044682
0.5685714286,0.9907597536,0.9962453066,0.9495084897,0.871058164,0.7257044278,0.2821758135
0.5685714286,0.9907597536,0.9912390488,0.9557640751,0.8689558514,0.7265669925,0.2812044682
0.5885714286,0.9835728953,0.9906132666,0.9611260054,0.8651016118,0.7251293847,0.2785332686
0.5714285714,0.9907597536,1,0.9526362824,0.8665031535,0.7245543416,0.2799902865
0.5714285714,0.9907597536,0.9937421777,0.9579982127,0.8665031535,0.7277170788,0.2761049053
0.5714285714,0.9907597536,0.9937421777,0.9597855228,0.8654519972,0.7274295572,0.276590578
0.5742857143,0.9907597536,1,0.9588918677,0.8626489138,0.7268545141,0.2773190869
0.5742857143,0.9907597536,1,0.9588918677,0.8651016118,0.7245543416,0.2770762506
0.5742857143,0.9907597536,1,0.9602323503,0.8615977575,0.7268545141,0.2773190869
0.5742857143,0.9907597536,1,0.9588918677,0.8626489138,0.7274295572,0.2770762506
0.5742857143,0.9907597536,1,0.9588918677,0.8651016118,0.7251293847,0.2768334143
0.5742857143,0.9907597536,0.9937421777,0.964253798,0.8651016118,0.7257044278,0.2763477416
0.5742857143,0.9907597536,0.9962453066,0.963360143,0.866152768,0.7234042553,0.2773190869
0.5771428571,0.9907597536,0.991864831,0.9655942806,0.8668535389,0.7234042553,0.2773190869
0.5771428571,0.9907597536,1,0.9597855228,0.868605466,0.7225416906,0.2770762506
0.58,0.9907597536,0.9981226533,0.9620196604,0.8672039243,0.7213916044,0.2782904322
0.5742857143,0.9928131417,1,0.9624664879,0.8658023826,0.7222541691,0.2785332686
0.5685714286,0.9948665298,1,0.9624664879,0.866152768,0.7219666475,0.2787761049
0.5914285714,0.9866529774,1,0.963360143,0.8651016118,0.7219666475,0.2787761049
0.5685714286,0.9948665298,1,0.9691689008,0.8608969867,0.7225416906,0.2785332686
0.5685714286,0.9948665298,1,0.9664879357,0.8633496847,0.7222541691,0.2782904322
0.5742857143,0.9928131417,1,0.9647006256,0.8647512263,0.7228292122,0.2790189412
0.5685714286,0.9958932238,1,0.9691689008,0.8612473721,0.7208165612,0.276590578
0.5685714286,0.9958932238,1,0.9691689008,0.8640504555,0.7185163887,0.276590578
0.5685714286,0.9958932238,1,0.9691689008,0.8651016118,0.717653824,0.2773190869
0.5685714286,0.9958932238,1,0.9691689008,0.8633496847,0.719666475,0.2770762506
0.5685714286,0.9958932238,1,0.9669347632,0.8637000701,0.7211040828,0.2775619233
0.5685714286,0.9958932238,1,0.9629133155,0.8696566223,0.7185163887,0.2775619233
0.5685714286,0.9958932238,1,0.9624664879,0.8724597057,0.7173663025,0.2773190869
0.5685714286,0.9958932238,1,0.9629133155,0.8700070077,0.719666475,0.2770762506
0.5685714286,0.9958932238,1,0.9629133155,0.8721093203,0.717653824,0.2775619233
0.5685714286,0.9958932238,1,0.9629133155,0.8731604765,0.7173663025,0.2770762506
0.5714285714,0.9958932238,1,0.9629133155,0.8724597057,0.7142035653,0.2770762506
0.5714285714,0.9958932238,1,0.9629133155,0.8731604765,0.7139160437,0.2773190869
0.5714285714,0.9958932238,1,0.9664879357,0.8696566223,0.71506613,0.2770762506
0.5742857143,0.9958932238,1,0.9664879357,0.8707077786,0.7142035653,0.2773190869
0.5742857143,0.9958932238,1,0.9629133155,0.8731604765,0.7153536515,0.2782904322
0.5742857143,0.9958932238,1,0.963360143,0.8735108619,0.7156411731,0.2773190869
0.5742857143,0.9958932238,1,0.9624664879,0.8742116328,0.7159286947,0.2773190869
0.5742857143,0.9958932238,1,0.9624664879,0.8742116328,0.7156411731,0.2773190869
0.5742857143,0.9958932238,1,0.9624664879,0.8742116328,0.7159286947,0.2773190869
0.5742857143,0.9958932238,1,0.9624664879,0.8738612474,0.7153536515,0.2778047596
0.5742857143,0.9958932238,0.9937421777,0.9669347632,0.8745620182,0.71506613,0.2787761049
0.5828571429,0.9928131417,0.9906132666,0.9691689008,0.8756131745,0.7127659574,0.2804759592
0.5742857143,0.9958932238,0.991864831,0.9682752458,0.8763139453,0.7144910868,0.2782904322
0.5771428571,0.9958932238,0.9956195244,0.9655942806,0.8721093203,0.7182288672,0.2790189412
0.5771428571,0.9958932238,0.9906132666,0.9691689008,0.8756131745,0.7162162162,0.2787761049
0.5771428571,0.9958932238,0.9899874844,0.9696157283,0.8756131745,0.7167912593,0.2787761049
0.5828571429,0.9835728953,0.9962453066,0.9696157283,0.8756131745,0.7167912593,0.2785332686
0.5828571429,0.9866529774,0.9943679599,0.9696157283,0.8759635599,0.7165037378,0.2785332686
0.5857142857,0.9866529774,0.9956195244,0.9696157283,0.8752627891,0.7170787809,0.2782904322
0.5857142857,0.9804928131,0.9993742178,0.9696157283,0.8763139453,0.7170787809,0.2778047596
0.5857142857,0.9887063655,0.9943679599,0.9629133155,0.8756131745,0.7173663025,0.2797474502
0.5857142857,0.9835728953,0.9974968711,0.9629133155,0.8759635599,0.7182288672,0.2780475959
0.5857142857,0.9866529774,0.9956195244,0.9629133155,0.8752627891,0.7185163887,0.2778047596
0.5857142857,0.9917864476,0.9924906133,0.9664879357,0.8724597057,0.7188039103,0.2775619233
0.5857142857,0.9958932238,0.9899874844,0.9687220733,0.8714085494,0.7179413456,0.2782904322
0.5857142857,0.9958932238,0.9899874844,0.9696157283,0.871058164,0.7185163887,0.275862069
0.6028571429,0.9938398357,0.9906132666,0.9682752458,0.8717589348,0.717653824,0.2768334143
0.5942857143,0.9979466119,0.9924906133,0.9611260054,0.8756131745,0.7185163887,0.2775619233
0.6228571429,0.9876796715,0.9931163955,0.9606791778,0.8759635599,0.7190914319,0.2770762506
0.5971428571,0.9979466119,0.9993742178,0.9562109026,0.8759635599,0.7188039103,0.2780475959
0.5971428571,0.9979466119,0.9962453066,0.9521894549,0.8759635599,0.7190914319,0.2775619233
0.5971428571,0.9979466119,0.9981226533,0.9504021448,0.8766643308,0.7193789534,0.2785332686
0.5971428571,0.9979466119,0.9993742178,0.9553172475,0.8714085494,0.7182288672,0.2787761049
0.5971428571,0.9979466119,0.9993742178,0.9584450402,0.8679046952,0.7185163887,0.2804759592
0.5971428571,0.9979466119,0.9993742178,0.9629133155,0.8644008409,0.7202415181,0.2785332686
0.5971428571,0.9979466119,0.9993742178,0.9575513852,0.8689558514,0.7208165612,0.2770762506
0.6,0.9979466119,0.9993742178,0.9629133155,0.8658023826,0.7205290397,0.2780475959
0.6,0.9979466119,0.9993742178,0.9629133155,0.8672039243,0.7185163887,0.2787761049
0.6,0.9979466119,0.9993742178,0.9566577301,0.8721093203,0.7193789534,0.2787761049
0.6,0.9979466119,0.9993742178,0.9584450402,0.8696566223,0.7190914319,0.2804759592
0.6514285714,0.9794661191,0.9993742178,0.9562109026,0.8714085494,0.7159286947,0.2797474502
